repo_name,language,commit_sha,commit_date,new_sha,download,build_result,commit_times,travis_lines,github_lines,delelt_lines,add_lines,,,,,,,,,,,,
ace-diff/ace-diff,js,02965d25c3bf23106da1abe03689e23c5b809628,2022-12-07T16:49:50Z,9e2996a4c0e60cf0d329d8f9120bba1b56869bda,success,success,2,19,35,1,1,add deploy step,,,,,,,,,,,
aframevr/aframe-inspector,js,de78caef632e89c14e5c51f28ccc6b579721997e,2022-11-30T00:59:56Z,de78caef632e89c14e5c51f28ccc6b579721997e,success,success,1,19,34,,,,,,,,,,,,,,
alphagov/govuk-country-and-territory-autocomplete,js,d6fdea2c2a6f203fc88788ee5c33c67c24953e0c,2022-01-11T10:57:15Z,d6fdea2c2a6f203fc88788ee5c33c67c24953e0c,success,success,1,3,22,,,,,,,,,,,,,,
apis-guru/asyncapi-directory,js,45ddd4621ab875257511d9939e12116636e4323b,2023-02-17T15:58:59Z,3fc95643f1b0908030ada24757a747789e0eb80c,success,success,4,16,29,3,4,fix syntax errors,fix syntax errors,fix syntax errors,,,,,,,,,
axelpale/nudged,js,c98e4cd1e58e535e12d5fb04e6ef5198d5ed8b9c,2024-10-23T22:06:00Z,ac0909877494449ad31fa5a31601ba4270c3c198,success,success,3,9,21,2,2,remove node 10,add node 10,,,,,,,,,,
badeball/karma-jsdom-launcher,js,4374723785d12452a1fa6a02b5a4ffb1a719a3b7,2023-07-05T06:38:58Z,4374723785d12452a1fa6a02b5a4ffb1a719a3b7,success,success,1,48,35,,,,,,,,,,,,,,
basti1302/repoman,js,949d42920910901f65d12f75c061fe46a7a66163,2023-11-09T07:14:20Z,05b9014d8920794c2636af9331aec553cde5b05d,success,success,5,9,27,5,5,remove node 8,add node 15,update node version,change master to main,,,,,,,,
bbc/lrud,js,013c3038e4c051b6f0cc423c6c060af76f0f3ce4,2022-04-26T10:23:47Z,cee46d51983adbb27b32c4935aef7af8c4e202e1,success,success,1,9,12,,,,,,,,,,,,,,
bdougherty/better-title-case,js,81f26d5293eb34b79d93c9ade602a70a19ad05b0,2022-05-11T01:27:12Z,f07191fa493301c4a589830076c4d8794aaee754,success,success,1,7,24,,,,,,,,,,,,,,
bendrucker/document-ready,js,5732400b5cce269c3884c42b224c9cbcc28682ba,2022-04-21T18:02:39Z,5732400b5cce269c3884c42b224c9cbcc28682ba,success,success,1,3,25,,,,,,,,,,,,,,
bfirsh/jsnes-web,js,75d63342595e2384945f952b9b045decc97b8d26,2025-07-26T21:28:31Z,75d63342595e2384945f952b9b045decc97b8d26,success,success,1,4,25,,,,,,,,,,,,,,
bjornstar/intercept-redirect,js,193098bc201478a76ee4b8e3805c59df2be5a926,2023-02-17T03:53:47Z,193098bc201478a76ee4b8e3805c59df2be5a926,success,success,1,4,28,,,,,,,,,,,,,,
calipersjs/calipers,js,b6cd2315e87e526b9ad9e97cc32323627910540c,2022-08-21T03:52:52Z,b6cd2315e87e526b9ad9e97cc32323627910540c,success,success,1,6,45,,,,,,,,,,,,,,
callstack/eslint-config-callstack,js,4c4c145400b02d2e669b6024cfb48d7176ca0cf2,2023-01-26T11:52:09Z,4c4c145400b02d2e669b6024cfb48d7176ca0cf2,success,success,1,14,33,,,,,,,,,,,,,,
cesiumgs/cesium-webpack-example,js,75489052d3e61f6ec533881cf6a19954fc9ed33b,2023-10-19T20:25:46Z,df75444f22e876ab37c1edb171c003783b0f6c74,success,success,3,6,19,8,16,rename workflow,use matrix,,,,,,,,,,
cloudinary/cloudinary_npm,js,4cca2757782243945f63e8099e828ff2281503c5,2025-08-13T12:31:07Z,3244798d4c7e49556b45e34b378cdf592bdb2567,success,success,4,8,22,1,5,add trigger event,add trigger event,add GitHub token,,,,,,,,,
codemeta/codemeta-generator,js,c661fa1644de4bf1dfe1d1af962db048e43d376b,2023-03-27T12:13:08Z,c661fa1644de4bf1dfe1d1af962db048e43d376b,success,success,1,16,30,,,,,,,,,,,,,,
damonoehlman/wildcard,js,51a135973904211ac084fd81cf17ec06da9a328e,2023-04-24T13:51:03Z,51a135973904211ac084fd81cf17ec06da9a328e,success,success,1,9,24,,,,,,,,,,,,,,
davidchambers/base64.js,js,f4e79ae05132e86d68d9ae4f32f2afdfb68e3766,2023-02-09T11:05:30Z,f4e79ae05132e86d68d9ae4f32f2afdfb68e3766,success,success,1,8,21,,,,,,,,,,,,,,
definitelytyped/definitelytyped.github.io,js,c9782d49cf09b8c8f7e488994c0e154e06aab185,2022-10-29T04:43:22Z,d13334cb32f4971c0ada70c41765d9d922b92408,success,success,4,8,22,,,,,,,,,,,,,,
dresende/node-sql-ddl-sync,js,412f74587484982709e7446a8a58bac3a08f5b34,2022-01-10T19:45:24Z,412f74587484982709e7446a8a58bac3a08f5b34,success,success,1,4,36,,,,,,,,,,,,,,
dubov94/vue-jwt-mongo,js,fa46f6407d0ce66994a5f1dc09eece0ef1c5ac61,2022-12-28T11:52:09Z,fa46f6407d0ce66994a5f1dc09eece0ef1c5ac61,success,success,1,8,16,,,,,,,,,,,,,,
dylang/node-rss,js,84d934b8369b0c83cc8ad417fd874fc28d7f4a53,2022-05-08T19:28:18Z,84d934b8369b0c83cc8ad417fd874fc28d7f4a53,success,success,1,12,17,,,,,,,,,,,,,,
ember-codemods/ember-angle-brackets-codemod,js,8a7861902dc68b2276888d8bf1003f7218c9423e,2022-08-19T11:52:09Z,69dd17b7b92a7c9d837aadef4444d5ed3f6d5c39,success,success,2,15,33,1,1,update node version,,,,,,,,,,,
evanshortiss/express-joi-validation,js,82bed6c54e736e6e23e37ad981e44e65bed22062,2024-12-13T07:31:18Z,2c5f90957051bb37286ddf4302ecba2d9030b48a,success,success,2,9,31,1,1,remove node version,,,,,,,,,,,
evanshortiss/lintspaces-cli,js,4970a5358f0d073fc23dc312adc8b64ef370f47a,2024-10-18T19:37:00Z,8061f9402b14580ea068ed16cf6f3066d10c76ab,success,success,4,12,31,2,3,fix coverage step,update coverage actions version,fix coverage bugs,,,,,,,,,
exodusmovement/redux-watch,js,ca9cc443c051b9e4e2d048fb9bf74ae5abc62933,2022-10-27T17:21:36Z,ca9cc443c051b9e4e2d048fb9bf74ae5abc62933,success,success,1,18,27,,,,,,,,,,,,,,
expressjs/serve-index,js,544279a0642a541f385a30d402374565bf6b147b,2024-05-14T16:28:45Z,544279a0642a541f385a30d402374565bf6b147b,success,success,1,109,225,,,,,,,,,,,,,,
fastify/safe-regex2,js,1b0d7af89c62bfce9172cf030bda3a5878c6408d,2022-02-22T11:18:03Z,1b0d7af89c62bfce9172cf030bda3a5878c6408d,success,success,1,6,35,,,,,,,,,,,,,,
fnogatz/transportation,js,6921ab84e94b58dc1c851799f9b3df24b49a00d9,2022-04-13T08:58:13Z,6921ab84e94b58dc1c851799f9b3df24b49a00d9,success,success,1,4,27,,,,,,,,,,,,,,
giuseppeg/postcss-pseudo-classes,js,65c2c341c23bea0e8b6916f474b037a540c314db,2023-11-30T09:13:31Z,a332a7a93b7e78862f0f269a5ef5400952fdcab6,success,success,5,6,29,11,7,fix syntax bugs,fix node support,relpace yarn with npm,update node version,,,,,,,,
haykam821/shortcutspreview,js,fcdeab4b3c634e72dd8a1ff336da5a3707c9f886,2022-02-26T23:42:03Z,fcdeab4b3c634e72dd8a1ff336da5a3707c9f886,success,success,1,3,14,,,,,,,,,,,,,,
henry-luo/mark,js,a80e49ba574ab5225a55000386be696ede936a62,2025-07-17T02:49:32Z,d0ac52e92ed2f898fabd4e9cbce2950867363c91,success,success,2,12,44,3,1,change package install,,,,,,,,,,,
http-party/node-portfinder,js,4631726120c459b983720a0a2943a9bd4cf083ee,2022-08-02T04:13:40Z,4631726120c459b983720a0a2943a9bd4cf083ee,success,success,1,18,35,,,,,,,,,,,,,,
hughsk/flat,js,ae6a750c222558c8f5a190d4c0b83263d11c51f0,2022-08-18T14:59:11Z,ae6a750c222558c8f5a190d4c0b83263d11c51f0,success,success,1,5,28,,,,,,,,,,,,,,
jackub/diff-match-patch,js,76691ae3aef8fe5caf7240a2cf4616446fd0caa0,2022-12-07T15:35:03Z,76691ae3aef8fe5caf7240a2cf4616446fd0caa0,success,success,1,3,23,,,,,,,,,,,,,,
jakezatecky/d3-funnel,js,4610cf4c418921cb173e06e1230855bb030beb36,2022-09-13T15:12:00Z,4610cf4c418921cb173e06e1230855bb030beb36,success,success,1,11,28,,,,,,,,,,,,,,
jeffbski/wait-on,js,65455f5647f48858dd58a2eecce174735f26e497,2024-09-10T16:01:40Z,df619a92d2663319c2bc696c55d635b1458920a4,success,success,2,7,31,1,1,rename workflow,,,,,,,,,,,
jfromaniello/url-join,js,2c0f6951939b86e7d1194fb21cf54cdfb8d9b1cf,2022-03-23T14:24:33Z,ea22d9342d6ad2de68a0132d176bf332507dc189,success,success,2,4,27,,,,,,,,,,,,,,
jonkemp/inline-css,js,7e8b73314b6432697f1b4d518731e719be57c680,2022-01-17T05:27:20Z,b7a249cf1482908de947738673c0997151f3b090,success,success,2,19,35,1,1,change test command,,,,,,,,,,,
jsdom/cssstyle,js,29ae19b585bd8d2f400f84162548d30254e02e73,2023-01-22T10:17:44Z,29ae19b585bd8d2f400f84162548d30254e02e73,success,success,1,17,27,,,,,,,,,,,,,,
kaelzhang/node-ignore,js,b170696591d492a7760807bd7094437ce1b1fcda,2023-02-07T10:15:48Z,b170696591d492a7760807bd7094437ce1b1fcda,success,success,1,9,26,,,,,,,,,,,,,,
kerimdzhanov/dotenv-flow-webpack,js,37cac109f93dc62a1be3713488938491cbdb9109,2023-09-16T01:32:17Z,48eb8c7453cef5d0ef0d1fff299d9a6270d3474d,success,success,1,7,36,,,,,,,,,,,,,,
ksdaemon/sails-hook-sequelize,js,90b0a1294fdbf2abcf8e923fd10e02182204bdc1,2022-05-07T20:06:14Z,5b4fee08455d4892fea7a5fcc3ab6759c449eda3,success,success,12,16,49,11,15,set postgres config,fix syntas error,add shell set,change set command,remove shell set,change postgre,config postgre,config postgre,config postgre,config postgre,set postgre password,update version
localstack/serverless-localstack,js,0aa0ef14acbde264425a421f8756787196ff3969,2022-03-10T18:12:31Z,0aa0ef14acbde264425a421f8756787196ff3969,success,success,1,17,42,,,,,,,,,,,,,,
ludofischer/metalsmith-gzip,js,08d3089fdc113f7b36440c4a3c9a610b64b6a164,2023-10-01T14:19:41Z,3b83fb9e49590ae81d7d1ff4bf4aa1bc1784b34f,success,success,2,4,29,2,2,fix trigger bugs,,,,,,,,,,,
lupomontero/porch,js,3201ba785a160c2e75548c576a9dd73c8b5a5af0,2022-03-07T16:05:09Z,47b9d183c0bd262c13b919b7e0897ebef3232206,success,success,4,6,26,2,6,remove node 10,add coverall step,add coverall token,,,,,,,,,
maasglobal/io-ts-from-json-schema,js,4747d96d7d21bee58116e163b703652b574ee24b,2022-04-20T13:04:21Z,4747d96d7d21bee58116e163b703652b574ee24b,success,success,1,7,24,,,,,,,,,,,,,,
mafintosh/protocol-buffers,js,125ff4d2573242f589729a8846e6c7811844daaf,2022-03-22T15:27:01Z,125ff4d2573242f589729a8846e6c7811844daaf,success,success,1,6,15,,,,,,,,,,,,,,
mapbox/delaunator,js,de972559a0e5213757e1f06541838a2e70717710,2024-01-26T11:52:09Z,de972559a0e5213757e1f06541838a2e70717710,success,success,1,4,19,,,,,,,,,,,,,,
marceloucker/postcss-prefixer,js,ef5ea4574e39e43c540973fd2f0d7d984141dfa0,2023-06-05T03:43:30Z,af7ae7ee0a9ec186180c24109b1fa8c9e84b5ea2,success,success,5,6,25,7,6,replace main with master,update node version,rename workflow,rename workflow,,,,,,,,
markets/suchtube,js,52870171aed44e003ff2b4a0b7eb5bedcefa471e,2025-08-06T17:54:37Z,52870171aed44e003ff2b4a0b7eb5bedcefa471e,success,success,1,8,25,,,,,,,,,,,,,,
mgol/jquery.classlist,js,35d177b67d0525808e725f927b9bfdb65c12e090,2023-07-20T22:54:40Z,35d177b67d0525808e725f927b9bfdb65c12e090,success,success,1,5,31,,,,,,,,,,,,,,
micromatch/braces,js,9994802f80402590cf3aa4b9d8c99c2702649795,2024-06-24T18:58:05Z,9994802f80402590cf3aa4b9d8c99c2702649795,success,success,1,9,23,,,,,,,,,,,,,,
mihai-vlc/uglifyjs-folder,js,25fb0db9d3b07699cba9aff09eeade8d9b53cbc3,2022-12-29T19:25:24Z,25fb0db9d3b07699cba9aff09eeade8d9b53cbc3,success,success,1,8,26,,,,,,,,,,,,,,
mikemcl/bignumber.js,js,4bc8c79e4e28b6bbb4c9059148e1dad0bfbb77c1,2025-04-19T17:15:52Z,4bc8c79e4e28b6bbb4c9059148e1dad0bfbb77c1,success,success,1,19,28,,,,,,,,,,,,,,
misund/hex-to-rgba,js,cb274cb385b285d7b157ea08e4ff8fca41bc5d37,2025-10-14T22:25:15Z,cb274cb385b285d7b157ea08e4ff8fca41bc5d37,success,success,1,6,30,,,,,,,,,,,,,,
mmalecki/spawn-command,js,5b7ae067c8c37974465eb707bc34da3f2a9f4d70,2024-07-11T14:15:14Z,5b7ae067c8c37974465eb707bc34da3f2a9f4d70,success,success,1,4,21,,,,,,,,,,,,,,
modernizr/grunt-modernizr,js,60db8b2af969f2b79ef1c41ef3eaaed4e8433d01,2022-02-15T13:37:24Z,60db8b2af969f2b79ef1c41ef3eaaed4e8433d01,success,success,1,9,29,,,,,,,,,,,,,,
mohlsen/check-engine,js,ce3474c363f63d638a8ad1dcd21892b3072cc4d2,2024-09-18T02:26:52Z,2199b5eb78795376904cb80f30134cd42e374678,success,success,3,9,27,2,2,update node version,change trigger,,,,,,,,,,
moll/node-mitm,js,34552640de17820418671d9d74daedfbdfbb5596,2024-08-22T22:28:21Z,34552640de17820418671d9d74daedfbdfbb5596,success,success,1,89,113,,,,,,,,,,,,,,
mourner/bullshit.js,js,d0176625f6bb1d709d10cc68e496e95b1fe47f3d,2024-02-09T10:42:47Z,d0176625f6bb1d709d10cc68e496e95b1fe47f3d,success,success,1,2,19,,,,,,,,,,,,,,
mreinstein/node-gearman,js,fcfe4344ea552a4971cef8027333ce6793bed2b7,2022-01-15T05:06:46Z,fcfe4344ea552a4971cef8027333ce6793bed2b7,success,success,1,10,32,,,,,,,,,,,,,,
ninetwozero/gradle-to-js,js,2e54594928e50fc151d33e2051408c2abc39c62e,2022-02-03T19:47:22Z,2e54594928e50fc151d33e2051408c2abc39c62e,success,success,1,5,18,,,,,,,,,,,,,,
openseadragon/openseadragon,js,0cea94e716ae691a32be739c1ec591c74ef46915,2025-03-10T11:52:09Z,0cea94e716ae691a32be739c1ec591c74ef46915,success,success,1,10,37,,,,,,,,,,,,,,
pa11y/pa11y-dashboard,js,e76dccef77838c13c5b5cf965e530f1045908d19,2024-03-13T05:48:58Z,e76dccef77838c13c5b5cf965e530f1045908d19,success,success,1,23,46,,,,,,,,,,,,,,
picnicsupermarket/localicious,js,9411ec818b1a3726c70a4198ecbd554670ea1442,2022-07-25T12:04:13Z,9411ec818b1a3726c70a4198ecbd554670ea1442,success,success,1,8,19,,,,,,,,,,,,,,
pimm/mapsort,js,f76a5b2f638a2c67f0150aef4b52ba187ae145d8,2023-03-25T11:52:09Z,f76a5b2f638a2c67f0150aef4b52ba187ae145d8,success,success,1,9,33,,,,,,,,,,,,,,
pirxpilot/connect-gzip-static,js,7af98453c8acaf03f6338ca86193af8582d18bfd,2022-05-14T05:51:13Z,7af98453c8acaf03f6338ca86193af8582d18bfd,success,success,1,3,12,,,,,,,,,,,,,,
plotly/react-cytoscapejs,js,29e6da07ac708573fdc703d7f5c636dfb515fd5d,2022-07-06T16:00:15Z,29e6da07ac708573fdc703d7f5c636dfb515fd5d,success,success,1,6,19,,,,,,,,,,,,,,
polygonplanet/lzjs,js,76c67f608d87cc514a1c67af15ba1ea8ed824298,2023-06-04T09:11:04Z,76c67f608d87cc514a1c67af15ba1ea8ed824298,success,success,1,7,27,,,,,,,,,,,,,,
qgustavor/mega,js,36e9fe2c6f5c2337492f2d444a87ca15740103f1,2022-01-19T22:43:52Z,36e9fe2c6f5c2337492f2d444a87ca15740103f1,success,success,1,4,31,,,,,,,,,,,,,,
quaertym/ember-cli-dependency-checker,js,b16bd1acdb0c4df07dd6f715e819c619409da7e8,2022-04-08T17:02:00Z,b16bd1acdb0c4df07dd6f715e819c619409da7e8,success,success,1,19,30,,,,,,,,,,,,,,
ralphtheninja/mqtt-match,js,79d2951049c18810258be46c8a6d61a0dfabb8a7,2022-01-11T10:44:25Z,79d2951049c18810258be46c8a6d61a0dfabb8a7,success,success,1,5,24,,,,,,,,,,,,,,
reactjs/react-transition-group,js,f5bfc1062a2d103e09678e0c024b5deec6b843f8,2022-01-17T11:52:09Z,f5bfc1062a2d103e09678e0c024b5deec6b843f8,success,success,1,21,57,,,,,,,,,,,,,,
rexxars/hyphenate-style-name,js,5462d46776bcaa1ce09a79ffe7fce8a3873dae50,2024-05-14T14:43:46Z,5462d46776bcaa1ce09a79ffe7fce8a3873dae50,success,success,1,5,22,,,,,,,,,,,,,,
rexxars/registry-auth-token,js,ad08a625189a18e23ec33e517dd98393806ccfb7,2022-06-16T12:42:10Z,ad08a625189a18e23ec33e517dd98393806ccfb7,success,success,1,7,26,,,,,,,,,,,,,,
rolodato/dotenv-safe,js,6af894b9b15f8d9440fd5670f4b777ad39d434fa,2024-02-06T16:39:42Z,28ff5b1b026751ebdb55e274327b44c3b79e4171,success,success,2,6,30,1,1,remove deprecated Node,,,,,,,,,,,
rovellipaolo/gnome-shell-extension-sermon,js,f59ef64dd488d6f175108d75a281f08cbdb73b5b,2022-02-28T16:34:18Z,f59ef64dd488d6f175108d75a281f08cbdb73b5b,success,success,1,12,29,,,,,,,,,,,,,,
ryanzim/universalify,js,3cb31d3af8a26d37a8afae2f2ba6d4616abad719,2022-10-08T20:54:47Z,3cb31d3af8a26d37a8afae2f2ba6d4616abad719,success,success,1,5,34,,,,,,,,,,,,,,
sap/openui5-worklist-app,js,45375c1d39785978bb0288ac09e3c6ebeaebba15,2022-11-03T06:17:10Z,45375c1d39785978bb0288ac09e3c6ebeaebba15,success,success,1,6,29,,,,,,,,,,,,,,
SAP-archive/openui5-worklist-app,js,45375c1d39785978bb0288ac09e3c6ebeaebba15,2022-11-03T06:17:10Z,45375c1d39785978bb0288ac09e3c6ebeaebba15,success,success,1,6,29,,,,,,,,,,,,,,
sarcadass/i18n-zipcodes,js,f5f2b73a216db78a7e9e6979d0d92efce7d72f82,2022-08-07T17:31:17Z,f5f2b73a216db78a7e9e6979d0d92efce7d72f82,success,success,1,11,31,,,,,,,,,,,,,,
sboudrias/class-extend,js,386e1c38e671e292ea8b398828084fde8159e238,2025-01-10T22:16:31Z,386e1c38e671e292ea8b398828084fde8159e238,success,success,1,5,26,,,,,,,,,,,,,,
schema-inspector/schema-inspector,js,d8e5a348c42319cb179e2e910a89d154bde59b75,2022-08-21T16:19:46Z,fe2ce0e63bdfb38c05fcbb73a9c71826da733187,success,success,3,4,27,4,7,replace npm run test with npm test,rename workflow,,,,,,,,,,
sonyseng/json-caching-proxy,js,4f490128ff29f3fa8140fc21af64e3074820df16,2022-02-27T01:06:38Z,4f490128ff29f3fa8140fc21af64e3074820df16,success,success,1,5,25,,,,,,,,,,,,,,
ssbc/multiblob,js,8e6bf4f32ed0c34170229c972394221100a273dc,2022-03-02T15:18:47Z,8e6bf4f32ed0c34170229c972394221100a273dc,success,success,1,5,25,,,,,,,,,,,,,,
streamich/fs-monkey,js,ecde9b0faf761a0a41af38ea70e5191c8a8837f9,2022-07-12T20:40:29Z,ecde9b0faf761a0a41af38ea70e5191c8a8837f9,success,success,1,22,56,,,,,,,,,,,,,,
tbhesswebber/style-object-to-css-string,js,69fd2244e4426674c4c41e7908e4c7b7be83a0f9,2023-11-09T16:20:35Z,8aa4d1c67688375d0bab0f898f98370f0001f4f3,success,success,2,17,20,1,1,add intall step,,,,,,,,,,,
tcql/node-yesno,js,7eb5d121f77646b56c663821939273e0e45869a8,2022-06-19T16:05:19Z,c7d5f7c33ef084ee094b204f9d1d1f37336c1d9b,success,success,1,9,32,,,,,,,,,,,,,,
tekkamanendless/umactually,js,f23b247ff137aeab30087353817a705a8662d158,2023-04-01T15:28:02Z,f23b247ff137aeab30087353817a705a8662d158,success,success,1,8,20,,,,,,,,,,,,,,
theforeman/npm2rpm,js,e917d3181f829b4adba54c7fd7df1cea21002a39,2023-12-13T09:57:57Z,ab674578f555b78496dfd834900ff9c6c803f062,success,success,2,6,21,0,1,add intall step,,,,,,,,,,,
thlorenz/convert-source-map,js,08ab6a57e08b77a66caf7d87f0303704e566eb4f,2022-10-10T19:10:44Z,204bdc875302bf342dc57c860599295f71a87c52,success,success,2,7,33,1,1,update node version,,,,,,,,,,,
tobie/pr-preview,js,53dc554544abd3ca38da5bcd532be8a0bdd1a6f9,2022-02-12T09:18:46Z,53dc554544abd3ca38da5bcd532be8a0bdd1a6f9,success,success,1,4,20,,,,,,,,,,,,,,
ua-parser/uap-core,js,9b72be27d1c2556dcc1971c22a1568c527e51d6d,2022-08-03T20:16:44Z,9b72be27d1c2556dcc1971c22a1568c527e51d6d,success,success,1,11,30,,,,,,,,,,,,,,
unitech/pm2,js,25d42cea59f6978e30f76c4695644438eca6cb6a,2023-10-06T04:05:05Z,25d42cea59f6978e30f76c4695644438eca6cb6a,success,success,1,25,29,,,,,,,,,,,,,,
watson/https-pem,js,6bdf008609cc106c21711c75e71eaa1ea752b592,2022-05-30T11:31:04Z,6bdf008609cc106c21711c75e71eaa1ea752b592,success,success,1,10,19,,,,,,,,,,,,,,
wechat-miniprogram/miniprogram-simulate,js,17813f4624379448b875c6aa7e071e6003f09d58,2022-01-08T11:52:09Z,17625d6416904b238c7867d8f26ff13a8ab0c83c,success,success,2,8,23,0,1,add puppeteer install,,,,,,,,,,,
whawker/react-jsx-highcharts,js,dba46e54cd70f3bff0cd37971faf169a497446e8,2022-03-17T13:53:41Z,dba46e54cd70f3bff0cd37971faf169a497446e8,success,success,1,9,34,,,,,,,,,,,,,,
winstonjs/winston-daily-rotate-file,js,5a5253305c1810bb0e0be3b733db63c45fe33d89,2022-01-03T04:00:52Z,40ed6a8c9f6f9fc4bc55d672cd84397f7430f958,success,success,1,13,31,,,,,,,,,,,,,,
xi/aria-api,js,3aa28daa8f909b7199278c638b40e4d238a5c181,2023-04-20T11:09:35Z,3aa28daa8f909b7199278c638b40e4d238a5c181,success,success,1,16,14,,,,,,,,,,,,,,
yeoman/yeoman-welcome,js,25e45e2a85f05e7bbe511833afac72c2e5226062,2025-01-18T18:34:10Z,25e45e2a85f05e7bbe511833afac72c2e5226062,success,success,1,5,32,,,,,,,,,,,,,,
yoast/yoast-seo-for-neos,js,33afb59565be9eea24102ec4d6a24151340c0ad4,2022-10-27T06:49:40Z,33afb59565be9eea24102ec4d6a24151340c0ad4,success,success,1,15,27,,,,,,,,,,,,,,
aboucaud/pypher,py,4704116fa2b444d8000c12ce276bbe597dfd17ca,2022-01-31T09:51:44Z,6789e5473a90d5af2eb80d02a5f05787331b6e3d,success,success,1,44,29,,,,,,,,,,,,,,
akshaykmr/emailtrail,py,e38a452f3a4f7b3eca5167385524ea001b340102,2022-05-27T23:40:58Z,e38a452f3a4f7b3eca5167385524ea001b340102,success,success,1,9,21,,,,,,,,,,,,,,
alexaltea/ntypes,py,7bac0f7764ae1c88237b52c5c60da8c1adc80142,2023-05-15T17:40:44Z,7bac0f7764ae1c88237b52c5c60da8c1adc80142,success,success,1,20,31,,,,,,,,,,,,,,
algorand/pyteal,py,20b2346c45a6ac9d40dc782afc7bffe7203e6f98,2022-02-10T15:30:16Z,20b2346c45a6ac9d40dc782afc7bffe7203e6f98,success,success,1,34,45,,,,,,,,,,,,,,
andhus/scantree,py,1957459eb885881c559354f0b74974c697d92281,2024-01-04T22:15:57Z,3fe36c75c61a2f64b926f5958b682622ba5143fb,success,success,3,23,44,,,change trigger event,add tox-gh-actions packages,,,,,,,,,,
apache/airavata-django-portal,py,a4ab56c01fae411c586998bfdb1b6b3d253c0e40,2023-01-10T19:48:37Z,a4ab56c01fae411c586998bfdb1b6b3d253c0e40,success,success,1,25,44,,,,,,,,,,,,,,
areski/python-nvd3,py,b6fa40d68fe07057eda674aa6987175fc463fc4b,2024-04-18T19:48:37Z,b6fa40d68fe07057eda674aa6987175fc463fc4b,success,success,1,22,36,,,,,,,,,,,,,,
associatedpress/datakit-core,py,06457d50af10ada3cd1178ae35a089761a66d37e,2022-12-09T00:44:34Z,9665b066486040d28c860ae797a3a529d43ebee3,success,success,1,21,23,,,,,,,,,,,,,,
autotest/tp-qemu,py,6b9cc74124378970703ec83bcce129efbfdba764,2022-10-18T02:43:29Z,ac8bfb5e5c7abbbffa44f8368caa888b01aed513,success,success,1,18,38,,,,,,,,,,,,,,
billdeitrick/pypco,py,aa4c95d96b0359d11a8e66e4dbe280c3bb5abc10,2022-09-06T01:27:40Z,0e7fcc5c9c2877c22130d0648b412db4d08c836e,success,success,2,11,27,,,add trigger event,,,,,,,,,,,
bodik/soft-webauthn,py,74351bf495c0327b7c88ec887d4474fd4391a94a,2022-07-08T09:31:41Z,74351bf495c0327b7c88ec887d4474fd4391a94a,success,success,1,9,14,,,,,,,,,,,,,,
cbillingham/docconvert,py,99c66f47c3243809460ecd8f11b2eaffc33003e0,2023-01-31T04:43:10Z,d946938e04219169a54f502e23569c9a1edddd3b,success,success,4,16,38,9,15,change trigger,rename workflow,fix tox environment,,,,,,,,,
cenkalti/pypi-notifier,py,7bf2fbb5390309d410c6d93271bf226c10fc61fc,2022-09-04T22:53:54Z,7bf2fbb5390309d410c6d93271bf226c10fc61fc,success,success,1,6,19,,,,,,,,,,,,,,
clembou/behave-pandas,py,ec9c25dccbbd8d65999c56acc45729f85f9b3c57,2023-02-08T22:53:54Z,ec9c25dccbbd8d65999c56acc45729f85f9b3c57,success,success,1,13,35,,,,,,,,,,,,,,
click-contrib/click-configfile,py,b95cdcaaa21a77591ee4d7b26f89f3fd74e45418,2022-03-20T14:56:10Z,b95cdcaaa21a77591ee4d7b26f89f3fd74e45418,success,success,1,36,37,,,,,,,,,,,,,,
click-contrib/click-log,py,32ee9bec5b5cbb9a71bf4a67e80034b9e133a100,2022-03-13T11:08:55Z,32ee9bec5b5cbb9a71bf4a67e80034b9e133a100,success,success,1,11,46,,,,,,,,,,,,,,
codereclaimers/neat-python,py,eb48647811d4d1db9017fc9f1abbcac2a464c4e5,2025-11-09T01:51:30Z,9d3957beb6c8ee9174c972d41e00b50636b15788,success,success,5,25,42,,,remove pip cache,add pip command,add py version,remove py command,,,,,,,,
cuducos/webassets-elm,py,61601fca78fbc36efbdda0288c631a98abf7e716,2024-11-04T15:18:01Z,61601fca78fbc36efbdda0288c631a98abf7e716,success,success,1,23,38,,,,,,,,,,,,,,
dakrauth/django-swingtime,py,bcc66bc41233a8b9620a7ad958e3646a01699959,,bcc66bc41233a8b9620a7ad958e3646a01699959,success,success,1,10,25,,,,,,,,,,,,,,
databricks/spark-deep-learning,py,0d709c088badd8767b9ee3eca07ba58ffbae1524,2022-03-21T17:06:04Z,0d709c088badd8767b9ee3eca07ba58ffbae1524,success,success,1,13,26,,,,,,,,,,,,,,
davisnt/mopidy-alarmclock,py,14288cd59384574a17ae23521c9366fe1d328701,2022-09-02T20:56:13Z,14288cd59384574a17ae23521c9366fe1d328701,success,success,1,25,58,,,,,,,,,,,,,,
dbrgn/drf-dynamic-fields,py,62747bc7d6fb9da845333615b2d7bd5c3a212538,2022-03-26T13:51:18Z,62747bc7d6fb9da845333615b2d7bd5c3a212538,success,success,1,15,43,,,,,,,,,,,,,,
dbrgn/rplcd,py,f1e6e267b19f3c95ec200d1c7fa59593f0c35fa7,2023-03-25T00:52:43Z,7fdd615b3ca5354aa4013e9f80a5b316e7feb4d0,success,success,2,12,31,3,6,add python version,,,,,,,,,,,
delgan/loguru,py,e5ca8e4a69376a45e2bb70dd004213c0a7a9a03b,2022-01-20T10:52:19Z,ae3ed2cd54f3908bcf49d2b52253c07eae11e3b5,success,success,2,27,40,,,update py version,,,,,,,,,,,
dhepper/django-model-path-converter,py,7daea9dc9d1156c2438653053479c12542bb71e6,2022-07-14T20:15:15Z,3d92b5c88c16f952d2f2a128e8036cef434fd235,success,success,3,28,39,,,fix workflow definition,remove py version,,,,,,,,,,
dirkmoors/drf-tus,py,c24b82202692f331ab02170107398d84fa326e90,2023-10-13T22:59:26Z,f3357c0b8193bbb5baa04f03910db3d303aefbb4,success,success,2,29,39,,,rename workflow,,,,,,,,,,,
earwig/mwparserfromhell,py,d3b8469e89d02b24cd8824e8c692c52e72820d30,2023-09-04T22:59:26Z,8c8d4463ac9e68160c54d4fc541ee0896d16b27b,success,success,2,22,36,11,9,update version,,,,,,,,,,,
eric-wieser/numpy_ringbuffer,py,f91a63bab38eabe4ea570c503b06e981b69dd5e5,2022-06-28T19:37:57Z,201154352df6059e2426e376756fad4665280898,success,success,3,15,41,,,remove python 3.4,add py 3.10,,,,,,,,,,
EvoluxBR/greenswitch,py,cf8d29c42ccb86f9f33ab6925759501f575b9830,2022-01-11T19:37:57Z,cf8d29c42ccb86f9f33ab6925759501f575b9830,success,success,1,11,28,,,,,,,,,,,,,,
faheel/cleanup,py,dd69f80100da5d3b37e5869b14c6e16a5c6fd2c9,2023-12-03T09:06:51Z,dd69f80100da5d3b37e5869b14c6e16a5c6fd2c9,success,success,1,14,31,,,,,,,,,,,,,,
fetzerch/kasserver,py,3be78220d825481aecaef903e181e8c5a1634d7c,2022-08-03T22:00:02Z,3be78220d825481aecaef903e181e8c5a1634d7c,success,success,1,28,56,,,,,,,,,,,,,,
filips123/contenthashpy,py,0100195cb2ee65085710ecc729f060a5b8fab43c,2023-06-23T15:56:34Z,7d7feb05f1a1410124894c95d7f1a6315e714149,success,success,4,55,127,3,3,fix syntax error,fix syntax error,fix coverage bugs,,,,,,,,,
globocom/derpconf,py,67e7f9870e07ea56754b1e184c5722c8c166df92,2023-10-09T13:17:54Z,67e7f9870e07ea56754b1e184c5722c8c166df92,success,success,1,12,25,,,,,,,,,,,,,,
gpodder/mygpoclient,py,33b19630da11aa6d9b51853ece94605d1306ffc6,2022-06-19T13:17:54Z,33b19630da11aa6d9b51853ece94605d1306ffc6,success,success,1,21,72,,,,,,,,,,,,,,
gvalkov/python-ansimarkup,py,82e73a1ffa0f25d48bdd986dfec3b41d223fef17,2023-08-06T23:30:26Z,a8e779856c259a60319098c22efbe279a42b2eaa,success,success,1,16,31,,,,,,,,,,,,,,
hsluv/hsluv-python,py,d0104573fa6ed808b15425feb566f88800e8d7bb,2022-06-05T20:21:23Z,d0104573fa6ed808b15425feb566f88800e8d7bb,success,success,1,7,32,,,,,,,,,,,,,,
html5lib/html5lib-python,py,d1dfa20ecd28d09a01b027fc24675132a8196ed3,2023-03-01T14:49:07Z,d1dfa20ecd28d09a01b027fc24675132a8196ed3,success,success,1,26,24,,,,,,,,,,,,,,
ibm/qpylib,py,9549354b79cea8b938c1e497f2eccb1f52609583,2022-06-24T10:40:13Z,9549354b79cea8b938c1e497f2eccb1f52609583,success,success,1,38,38,,,,,,,,,,,,,,
idiap/sdialog,py,5a84be603beb3408f4bcc62dd60b93dbae3e4621,2025-06-11T10:41:28Z,1cec57d81a49bdf72c01a25d9b47c65f04eb131e,success,success,4,16,44,6,6,fix py version bug,update codecov version,fix syntax error,,,,,,,,,
in-toto/demo,py,ed3f37da93a108de53ebebdb0b2b50b22370722d,2022-04-22T23:25:54Z,,success,success,1,17,41,,,,,,,,,,,,,,
jakubplichta/grafana-dashboard-builder,py,f41254e9c8eb229e35621c4e695d40b84658664d,2022-03-09T23:25:54Z,244e06aaedb1e5b1fd60a81cba180a6e3123678a,success,success,2,11,35,,,update py version,,,,,,,,,,,
jasonacox/tinytuya,py,2e657f487146fdf0cd20aebeaf42af7838a6ad40,2022-06-14T23:25:54Z,2e657f487146fdf0cd20aebeaf42af7838a6ad40,success,success,3,14,33,2,2,rename workflow,fix package miss,,,,,,,,,,
jealous/stockstats,py,6742503ec36acfd894efab2bc22b77ba9bcf0ac8,2022-01-01T23:25:54Z,6742503ec36acfd894efab2bc22b77ba9bcf0ac8,success,success,3,18,38,2,2,fix test bugs,rename workflow,,,,,,,,,,
jirutka/ssh-ldap-pubkey,py,8713566405ee4988d65d95a1c227bf5bf4fe30fe,2022-05-18T23:02:13Z,8713566405ee4988d65d95a1c227bf5bf4fe30fe,success,success,1,26,62,,,,,,,,,,,,,,
jllorencetti/pytest-deadfixtures,py,37995c6e167ffba9ef049deb251fe8def341185b,2022-12-12T23:02:13Z,e7d25cc88a1ef7c3a37b37f57ecc0c1474452c81,success,success,2,32,51,,,,,,,,,,,,,,
jlumpe/pyorg,py,4989672916bd458a95bb16ed3d78b18df8034179,2022-01-23T00:55:58Z,4989672916bd458a95bb16ed3d78b18df8034179,success,success,1,18,40,,,,,,,,,,,,,,
jneight/django-earthdistance,py,d1ed8209c6d5df3a8c5638dbb60923e9cf3388b8,2024-01-14T10:49:04Z,,success,success,2,19,50,2,2,update actions version,,,,,,,,,,,
johnfraney/flake8-markdown,py,3bd385507c60ddc364c4fdd624f5a05fa6eba12f,2023-09-04T15:46:58Z,,success,success,1,17,25,,,,,,,,,,,,,,
johnwmillr/lyricsgenius,py,962b0ab0d4b6f60b3c6b4936dd91022dc125e9b8,2022-11-26T02:07:53Z,962b0ab0d4b6f60b3c6b4936dd91022dc125e9b8,success,success,1,5,35,,,,,,,,,,,,,,
jplana/python-etcd,py,51de50482d2cb7cda2e13f05dcafcc189511af25,2023-10-31T05:51:27Z,f7c5c35d8e607a609e0a5a1ebc7b2c1a951557a6,success,success,2,23,38,0,2,add GitHub token,,,,,,,,,,,
jpmckinney/validictory,py,93d539587cc99e677e954e35ba5edb6b434ec0db,2023-12-21T20:49:18Z,93d539587cc99e677e954e35ba5edb6b434ec0db,success,success,1,13,22,,,,,,,,,,,,,,
juliema/label_reconciliations,py,3a6ea7a63ccade414d245ad80840052ba0a1803c,2022-06-16T21:20:51Z,3a6ea7a63ccade414d245ad80840052ba0a1803c,success,success,1,7,26,,,,,,,,,,,,,,
jungtaekkim/bayeso-benchmarks,py,983ce57169e8234d01654c1840933c1bd86971d0,2022-01-12T08:56:50Z,9567cb8b043776ebc53e0f548cccc88f46eb01ed,success,success,3,14,28,,,fix python 3.10,add scipy package,,,,,,,,,,
kamilkijak/django-smoke-tests,py,b16782256702a57964c821c024b8eb21531f09b3,2022-03-27T09:48:34Z,b16782256702a57964c821c024b8eb21531f09b3,success,success,1,30,40,,,,,,,,,,,,,,
klieret/randomfiletree,py,55464acb5b6cd4eb4c891c1a1c9a1121efeaef1f,2022-10-03T22:54:09Z,55464acb5b6cd4eb4c891c1a1c9a1121efeaef1f,success,success,1,17,49,,,,,,,,,,,,,,
koiuo/randrctl,py,a974343bcf13b0543935076a58c99cdf10e174d9,2023-05-28T20:13:35Z,e874f5d4f957dc057de2d58e96751b323814afb1,success,success,2,12,30,0,2,add python package,,,,,,,,,,,
kolotaev/vakt,py,c656ba959e61ad9295002d511135d941a29276c4,2023-04-04T12:19:38Z,af698cd6bf8b42cac44b985e898bf6e0895358c0,success,success,3,54,76,1,4,add colour,rename workflow,,,,,,,,,,
kpetremann/mqtt-exporter,py,4e6c838870cf31ee53de40eece0b60f30b139c18,2023-01-27T18:07:20Z,4e6c838870cf31ee53de40eece0b60f30b139c18,success,success,1,11,37,,,change exe order,,,,,,,,,,,
laowantong/paroxython,py,5e1d49e4997f2977742b0da105e1393ab5f1fd74,2022-09-05T18:07:20Z,5e1d49e4997f2977742b0da105e1393ab5f1fd74,success,success,1,15,30,,,,,,,,,,,,,,
lgoodridge/django-uniauth,py,04ac2a6b9d035d87d76fbf86557c77adcfe5dd5b,2023-07-23T03:03:52Z,04ac2a6b9d035d87d76fbf86557c77adcfe5dd5b,success,success,1,50,28,,,,,,,,,,,,,,
maxcountryman/flask-seasurf,py,b6bcb63d1153c2a298d16f438ca992895acaaa28,2022-04-01T21:24:57Z,89d6aaf58fbd22878531dda7dd9563d8062bff4c,success,success,2,9,29,,,replace master with main,,,,,,,,,,,
melizalab/quickspikes,py,86552a0348b5a2898ad4d5d6110e4e0640ceca22,2022-06-30T16:03:23Z,2f7b8297abf56873d37fbd709a30cdfb3b5b9927,success,success,2,18,31,,,add install steps,,,,,,,,,,,
mgaitan/sphinxcontrib-mermaid,py,c753bcaac3f04d730cb6ee2bd3b132abf0e65439,2022-11-11T16:03:23Z,c753bcaac3f04d730cb6ee2bd3b132abf0e65439,success,success,1,12,37,,,,,,,,,,,,,,
mitya57/python-markdown-math,py,c8dda41142984ba0a09cc053339dddfa16a9d19a,2025-04-10T08:59:35Z,c8dda41142984ba0a09cc053339dddfa16a9d19a,success,success,1,10,21,,,,,,,,,,,,,,
m-lundberg/simple-pid,py,990019811041005c6dee23e495f330e3e96d7a0a,2022-04-29T08:59:35Z,990019811041005c6dee23e495f330e3e96d7a0a,success,success,1,18,44,,,,,,,,,,,,,,
mozilla/guardduty-multi-account-manager,py,a6c136489b6e62976fb6f784572f36c19cff34b6,2022-09-02T16:12:06Z,a6c136489b6e62976fb6f784572f36c19cff34b6,success,success,1,9,16,,,,,,,,,,,,,,
msaltnet/smtm,py,50faecd5d1c83cd9af3f04b274d018d1f9f08e64,2023-04-09T13:37:57Z,50faecd5d1c83cd9af3f04b274d018d1f9f08e64,success,success,1,28,37,,,,,,,,,,,,,,
networktocode/ntc-templates,py,3bf02eb8b6f91558b5dbb995076aba1aec6901a2,2022-09-14T13:58:55Z,3e8cb511c2746f6c849ec04accd5f59ed9c4e1a9,success,success,1,68,122,,,,,,,,,,,,,,
nginxinc/crossplane,py,675f1611528241b1cf531ab37afcfc7572d390e9,2022-09-19T14:57:29Z,675f1611528241b1cf531ab37afcfc7572d390e9,success,success,1,16,26,,,,,,,,,,,,,,
nolze/msoffcrypto-tool,py,02363308e6f8b898f1a1f0b2908471dda19b5a1f,2023-02-27T19:10:33Z,2e4519c2613c92d07a61f8cff272858759306de6,success,success,3,25,63,,,rename workflow ,fix trigger events,,,,,,,,,,
nycdb/nycdb,py,b833dc1e188c9507d1c7749600fb34304ce53878,2023-02-28T16:16:19Z,1de9e28993be2dbfb0944c204b803b52c3b77dfa,success,success,3,38,26,5,24,add test environment,rename step and workflow,,,,,,,,,,
OpenCageData/python-opencage-geocoder,py,728e320a132ac423fe2705e7bef108fa68cee392,2022-06-19T16:16:19Z,728e320a132ac423fe2705e7bef108fa68cee392,success,success,1,18,34,,,,,,,,,,,,,,
petergardfjall/garminexport,py,8358623565efdccdededcc83a0b6f0699c797e38,2023-05-18T07:55:28Z,8358623565efdccdededcc83a0b6f0699c797e38,success,success,1,6,27,,,,,,,,,,,,,,
polymonster/jsn,py,5fcb03ef2c4f6d453cdc809bcfdd3de3e9bdcaac,2023-03-16T11:42:25Z,5fcb03ef2c4f6d453cdc809bcfdd3de3e9bdcaac,success,success,1,10,18,,,,,,,,,,,,,,
porridge/bambam,py,14bfd88b1520c7af39b05e0fc90466e90d24e807,2022-09-17T08:59:06Z,f36dfe616b74a6bdab6f6e97dc4848ff233c0489,success,success,2,10,39,,,rename workflow,,,,,,,,,,,
pucrs-automated-planning/pddl-parser,py,2188eff8791142f6949903faf4bbde253cba3cde,2022-02-03T18:48:05Z,2188eff8791142f6949903faf4bbde253cba3cde,success,success,1,20,24,,,,,,,,,,,,,,
pypi/conveyor,py,ca52475f6bb036bf9888f272296734fd4945763c,2022-11-29T18:29:32Z,ca52475f6bb036bf9888f272296734fd4945763c,success,success,1,7,21,,,,,,,,,,,,,,
python/mypy_extensions,py,b166486aeb995b60aff53272a724ee254ee646d1,2023-07-07T20:00:23Z,b166486aeb995b60aff53272a724ee254ee646d1,success,success,1,45,70,,,,,,,,,,,,,,
python/the-knights-who-say-ni,py,50351dfe36783029f22a33281175cbf7f77deeb8,2022-02-23T17:21:23Z,50351dfe36783029f22a33281175cbf7f77deeb8,success,success,1,26,42,,,,,,,,,,,,,,
python-organizers/conferences,py,e595bc29f7dcee8a9c729afd85dacaa356edb61f,2023-04-27T23:00:08Z,e595bc29f7dcee8a9c729afd85dacaa356edb61f,success,success,1,13,22,,,,,,,,,,,,,,
raphaelvallat/yasa,py,11bb22a19179aa6c154b8ca5eab7e7c08e26b4ac,2022-02-20T17:51:44Z,11bb22a19179aa6c154b8ca5eab7e7c08e26b4ac,success,success,6,22,46,,,remove codecovstep,remove macos,add python 3.9,remove py3.6,add codecov step,,,,,,,
raysect/source,py,8afd4e5fbcba81703829f048f594158f46194c8a,2023-12-11T14:37:30Z,8afd4e5fbcba81703829f048f594158f46194c8a,success,success,1,18,28,,,,,,,,,,,,,,
rcaloras/bashhub-client,py,ca6932227ae6485bfb759839b6f3de65154307a9,2022-01-23T18:12:14Z,e53943759a6919e589158a371d55ef472fab1e2d,success,success,1,26,35,,,,,,,,,,,,,,
roverdotcom/django-inlinecss,py,3f0b5cac29167bc135438ed978f6d03f43674ec4,2024-02-23T18:12:14Z,a9f5320828c33d041493bee82ecbb2bdc48322ad,success,success,12,14,31,11,20,update python version,update check version,update python version,add improve step,remane workflow,change trigger event,add cahce,remove cache,add cahce,remove cache,update setup version,
scVENUS/PeekabooAV,py,049ad2c93bce72ba3647d255bca2e644cb58469c,2022-03-23T18:12:14Z,048536b39a8232f617c5e62abef0a8c0090744c6,success,success,1,15,33,,,,,,,,,,,,,,
SiLab-Bonn/irrad_spectroscopy,py,52ab67d8c2e69266c5c4ffdc7f8a009d777a41c0,2022-02-07T22:07:24Z,52ab67d8c2e69266c5c4ffdc7f8a009d777a41c0,success,success,1,28,54,,,,,,,,,,,,,,
sjvrijn/mf2,py,d281c557ecf6ab5c3528c8943482fe5f6c02ddd1,2023-02-03T00:35:10Z,ba94b4cb90444873921b43b3da608c6768d692c3,success,success,1,19,38,,,,,,,,,,,,,,
smart-on-fhir/fhir-parser,py,5c608f5d34c19fdbb670d1e1d556679a56997110,2024-07-12T13:36:03Z,5c608f5d34c19fdbb670d1e1d556679a56997110,success,success,1,4,38,,,,,,,,,,,,,,
starou/simpleidml,py,7fe93bf49cd649f99ebd12b756a68b8c59ddb842,2022-03-14T13:01:41Z,7fe93bf49cd649f99ebd12b756a68b8c59ddb842,success,success,1,18,51,,,,,,,,,,,,,,
stlk/django-shopify-webhook,py,244670f6dece4794c91f4165b4dd1ee850b38528,2022-04-28T15:27:39Z,c984c0b12cc59014181841978927986cbf0f40d7,success,success,1,25,30,,,,,,,,,,,,,,
testing-cabal/fixtures,py,7d70a59b4b4d6305e6a0bf52be1d7e4e33b933a7,2022-01-28T16:00:20Z,1ef6efbc4a2a78c8b1cf094b2cc8b807934f3ec0,success,success,3,21,29,,,add py 3.10,fix py 3.10bugs,,,,,,,,,,
thegrill/grill,py,5457e7d359a53d70e150d210ba69248725fe00c2,2023-02-28T11:52:09Z,5457e7d359a53d70e150d210ba69248725fe00c2,success,success,1,23,35,,,,,,,,,,,,,,
theonlypwner/crc32,py,de425805018a19033a705094636ad8ae783520bf,2022-07-02T22:51:14Z,de425805018a19033a705094636ad8ae783520bf,success,success,1,31,49,,,,,,,,,,,,,,
twisted/ampoule,py,4405e85f58490db46bb8af6d3aa62e0343bbf823,2023-12-15T19:06:58Z,4405e85f58490db46bb8af6d3aa62e0343bbf823,success,success,1,20,34,,,,,,,,,,,,,,
uralbash/sqlalchemy_mptt,py,a8c52952d4574e94d9db3a37d10a17def0571500,2025-04-14T19:56:07Z,67e3965d0139ac0465be0086b1a3fa20d90689da,success,success,2,37,68,3,9,update python version,,,,,,,,,,,
xyproto/setconf,py,e0ae759d766d9e0907c1672cc8e7ee05de08497b,2024-07-27T18:31:48Z,1b728c097b86d0a1fce25738f32b7d9340181456,success,success,4,15,32,15,16,change name,add py2.7,remove py2.7,,,,,,,,,
zecure/shadowd_python,py,9020cb6b3a9304e6a2df5129b0a66ee655176a84,2022-07-29T11:52:09Z,9020cb6b3a9304e6a2df5129b0a66ee655176a84,success,success,1,5,28,,,,,,,,,,,,,,
