repo_name,,commit_sha,commit_date,new_sha,download,,commit_times,travis_lines,github_lines,delelt_lines,add_lines,1,2,3,4,5,6
OpenAPITools/openapi-generator-pip,,6561d0606f6484873e817ced45c1a879a5590f72,2024-12-01T03:00:15Z,2832d87cbe2d56f518b1afcd885498d0a8ce348d,success,,11,8,30,12,19,,,,,,
cocreators-ee/migrate-anything,,137967b90e03f5a85389b4afa78602fba6ab2b7d,2022-06-26T17:24:09Z,a3bf92adbef67bf21053562e63fbe9481ee81778,,,6,,,,,fix trigger event,fix syntax error,fix workflow bugs,fix workflow bugs,fix python10 bugs,
esa-vires/magneticmodel,,c4a6ff01134ce5fcfa612fe27e3b374bb72680d5,2022-10-18T15:57:39Z,78331deaf1f7b1c396649f4b6e2efc7c7ef3f2a5,,,5,,,,,remove empty lines,add notification step,change notification condition,fix spacepy install,,
idiap/sdialog,,5a84be603beb3408f4bcc62dd60b93dbae3e4621,2025-06-11T10:41:28Z,1cec57d81a49bdf72c01a25d9b47c65f04eb131e,success,,4,16,44,6,6,fix py version bug,update codecov version,fix syntax error,,,
xyproto/setconf,,e0ae759d766d9e0907c1672cc8e7ee05de08497b,2024-07-27T18:31:48Z,1b728c097b86d0a1fce25738f32b7d9340181456,success,,4,15,32,15,16,change name,add py2.7,remove py2.7,,,
raysect/source,,8afd4e5fbcba81703829f048f594158f46194c8a,2023-12-11T14:37:30Z,1df6f311ac4f77d287dcafc64a26e769602065b3,success,,4,18,27,6,6,,,,,,
filips123/contenthashpy,,0100195cb2ee65085710ecc729f060a5b8fab43c,2023-06-23T15:56:34Z,7d7feb05f1a1410124894c95d7f1a6315e714149,success,,4,55,127,3,3,fix syntax error,fix syntax error,fix coverage bugs,,,
cbillingham/docconvert,,99c66f47c3243809460ecd8f11b2eaffc33003e0,2023-01-31T04:43:10Z,d946938e04219169a54f502e23569c9a1edddd3b,success,,4,16,38,9,15,change trigger,rename workflow,fix tox environment,,,
kolotaev/vakt,,c656ba959e61ad9295002d511135d941a29276c4,2023-04-04T12:19:38Z,af698cd6bf8b42cac44b985e898bf6e0895358c0,success,,3,54,76,1,4,add colour,rename workflow,,,,
nycdb/nycdb,,b833dc1e188c9507d1c7749600fb34304ce53878,2023-02-28T16:16:19Z,f2e56a10058ad885d63c1edeee2137e47de2577a,success,,3,38,42,5,24,add test environment,rename step and workflow,,,,
johannesebke/aws_list_all,,ba3c40685c1affe247dcd7c0031b0ea857659add,2022-11-10T18:44:51Z,93351d348442c08844224756e5da9b0b16c16e12,,,3,,,,,add python version,rename workflow,,,,
dhepper/django-model-path-converter,,7daea9dc9d1156c2438653053479c12542bb71e6,2022-07-14T20:15:15Z,3d92b5c88c16f952d2f2a128e8036cef434fd235,,,3,,,,,fix workflow definition,remove py version,,,,
dimagi/commcare-cloud,,f71bee40e1e55e30b823526ae15364875e92e3ab,2022-05-26T16:36:06Z,bb60abfe7735cff2f147f4251feca212d9536562,,,3,,,,,fix test bugs,remove reluant step,,,,
sphinx-doc/sphinx-doc-translations,,7426added93ed678c728d7eec8170b82d4e8166e,2022-03-06T07:45:28Z,7d45d2a9349a1578182843c9ae47c3776331a927,,,3,,,,,fix syntax bugs,fix nits for,,,,
firefly-cpp/NiaAML,,6dd1461135dc1176024746ca9b34db8969ece647,2022-02-26T13:31:50Z,6dd1461135dc1176024746ca9b34db8969ece647,,,3,,,,,delet empty line,fix syntax bugs,,,,
cnvogelg/amitools,,a2b14207c5ab4b4167a1a0609eb784ea8bb744e8,2022-02-20T14:52:53Z,83be327f828781866b78d5567f4868c42e908204,,,3,,,,,fix py version bugs,add missed package,,,,
jungtaekkim/bayeso-benchmarks,,983ce57169e8234d01654c1840933c1bd86971d0,2022-01-12T08:56:50Z,9567cb8b043776ebc53e0f548cccc88f46eb01ed,,,3,,,,,fix python 3.10,add scipy package,,,,
uralbash/sqlalchemy_mptt,,a8c52952d4574e94d9db3a37d10a17def0571500,2025-04-14T19:56:07Z,67e3965d0139ac0465be0086b1a3fa20d90689da,success,,2,37,68,3,9,update python version,,,,,
lijunzh/wiggle,,0d05cf988ae76bdff6b0d12b989cceb2dcbe23fe,2025-03-18T01:37:21Z,62bbbaf97990814a3b9d934a957f04de79f65a57,success,,2,43,40,,,update py version and switch conda,,,,,
webrecorder/warcio,,2ea7f7de836ced707c78e9e1c8a9a516a4c7862c,2024-05-15T15:17:14Z,92edc563758ac268a5405156d53c66f1e7ceb90c,success,,2,27,34,1,1,add python package,,,,,
jneight/django-earthdistance,,d1ed8209c6d5df3a8c5638dbb60923e9cf3388b8,2024-01-14T10:49:04Z,,success,,2,19,50,2,2,update actions version,,,,,
em92/quakelive-local-ratings,,dc566b9be55dcfbabe61c787b1181b3179010163,2023-12-16T12:05:27Z,64071d51bcaf7481a40f13c7bd879d84cf279e9d,success,,2,32,42,3,0,remove desprate environment,,,,,
jplana/python-etcd,,51de50482d2cb7cda2e13f05dcafcc189511af25,2023-10-31T05:51:27Z,f7c5c35d8e607a609e0a5a1ebc7b2c1a951557a6,success,,2,23,38,0,2,add GitHub token,,,,,
earwig/mwparserfromhell,,d3b8469e89d02b24cd8824e8c692c52e72820d30,2023-09-04T22:59:26Z,8c8d4463ac9e68160c54d4fc541ee0896d16b27b,success,,2,22,36,11,9,update version,,,,,
sap/cloud-pysec,,e8177fea7aac22a9d298d4f0ca82a24312f6a5f2,2023-07-17T06:19:35Z,77c82169ad0e04b60dc74447a2f11267b05b37ec,success,,2,28,58,4,3,change trigger,,,,,
koiuo/randrctl,,a974343bcf13b0543935076a58c99cdf10e174d9,2023-05-28T20:13:35Z,e874f5d4f957dc057de2d58e96751b323814afb1,success,,2,12,30,0,2,add python package,,,,,
dbrgn/rplcd,,f1e6e267b19f3c95ec200d1c7fa59593f0c35fa7,2023-03-25T00:52:43Z,7fdd615b3ca5354aa4013e9f80a5b316e7feb4d0,success,,2,12,31,3,6,add python version,,,,,
m-mueller/mattermost-poll,,218f8a349f37a8f30e4e87851e6e2e52a3307829,2023-02-09T20:14:24Z,0678c81eb6df7ef24c5da3fc876b6b871c259b37,success,,2,11,41,0,10,add codecov step,,,,,
billdeitrick/pypco,,aa4c95d96b0359d11a8e66e4dbe280c3bb5abc10,2022-09-06T01:27:40Z,0e7fcc5c9c2877c22130d0648b412db4d08c836e,,,2,,,,,add trigger event,,,,,
pohmelie/pytest-automock,,7afb54d8c1c6929b348d81000e00c9c96676815b,2022-08-04T02:37:06Z,4482ef9177b0cbf6edd6264c8a52ff9465db2672,,,2,,,,,fix coverage bugs,,,,,
maxcountryman/flask-seasurf,,b6bcb63d1153c2a298d16f438ca992895acaaa28,2022-04-01T21:24:57Z,89d6aaf58fbd22878531dda7dd9563d8062bff4c,,,2,,,,,replace master with main,,,,,
alexaltea/curator,,f2f1a3d0b1dd40ac84dda4fde5c5258edb4ad56b,2023-01-20T15:46:53Z,a7113da6a869f871a5f1cfe1d7745744ec1d4d64,success,,1,,,,,miss step coveralls,,,,,
aarande/nexradaws,,8f8989ecd7dad398ee0f1705428445c665df05a3,2025-08-24T20:38:21Z,8f8989ecd7dad398ee0f1705428445c665df05a3,success,,1,16,45,,,,,,,,
florath/rmtoo,,ebfe61d8dd87792a32c26ec09904a1fa9512f6fe,2025-07-08T07:15:03Z,280923f0628ecc230dfa984297ee3c38ed7629c8,success,,1,39,54,,,,,,,,
ffx-org/ffx,,52f8a4a14cc952688f675b1e3b1e72b7cfb9a067,2025-06-28T14:55:56Z,52f8a4a14cc952688f675b1e3b1e72b7cfb9a067,success,,1,25,49,,,,,,,,
mitya57/python-markdown-math,,c8dda41142984ba0a09cc053339dddfa16a9d19a,2025-04-10T08:59:35Z,c8dda41142984ba0a09cc053339dddfa16a9d19a,success,,1,10,21,,,,,,,,
cuducos/webassets-elm,,61601fca78fbc36efbdda0288c631a98abf7e716,2024-11-04T15:18:01Z,61601fca78fbc36efbdda0288c631a98abf7e716,success,,1,23,38,,,,,,,,
jaidevd/numerizer,,4c56149995f22710cda58aabfa1720aab95406a2,2024-09-26T08:29:46Z,4c56149995f22710cda58aabfa1720aab95406a2,success,,1,26,43,,,,,,,,
smart-on-fhir/fhir-parser,,5c608f5d34c19fdbb670d1e1d556679a56997110,2024-07-12T13:36:03Z,5c608f5d34c19fdbb670d1e1d556679a56997110,success,,1,4,38,,,,,,,,
twisted/ampoule,,4405e85f58490db46bb8af6d3aa62e0343bbf823,2023-12-15T19:06:58Z,4405e85f58490db46bb8af6d3aa62e0343bbf823,success,,1,20,34,,,,,,,,
faheel/cleanup,,dd69f80100da5d3b37e5869b14c6e16a5c6fd2c9,2023-12-03T09:06:51Z,dd69f80100da5d3b37e5869b14c6e16a5c6fd2c9,success,,1,14,31,,,add extra os,,,,,
globocom/derpconf,,67e7f9870e07ea56754b1e184c5722c8c166df92,2023-10-09T13:17:54Z,67e7f9870e07ea56754b1e184c5722c8c166df92,success,,1,12,25,,,,,,,,
johnfraney/flake8-markdown,,3bd385507c60ddc364c4fdd624f5a05fa6eba12f,2023-09-04T15:46:58Z,,success,,1,17,25,,,,,,,,
gvalkov/python-ansimarkup,,82e73a1ffa0f25d48bdd986dfec3b41d223fef17,2023-08-06T23:30:26Z,a8e779856c259a60319098c22efbe279a42b2eaa,success,,1,16,31,,,,,,,,
lgoodridge/django-uniauth,,04ac2a6b9d035d87d76fbf86557c77adcfe5dd5b,2023-07-23T03:03:52Z,04ac2a6b9d035d87d76fbf86557c77adcfe5dd5b,success,,1,50,28,,,,,,,,
jeltef/pylatex,,083611447ada0e8072bb47525851bb7ad93b8d12,2023-07-15T21:49:03Z,083611447ada0e8072bb47525851bb7ad93b8d12,success,,1,43,41,,,,,,,,
python/mypy_extensions,,b166486aeb995b60aff53272a724ee254ee646d1,2023-07-07T20:00:23Z,b166486aeb995b60aff53272a724ee254ee646d1,success,,1,45,70,,,,,,,,
whitespy/django-node-assets,,786e3621229a91049bbaf78ec2246996b929d468,2023-06-14T12:36:34Z,786e3621229a91049bbaf78ec2246996b929d468,success,,1,16,28,,,,,,,,
petergardfjall/garminexport,,8358623565efdccdededcc83a0b6f0699c797e38,2023-05-18T07:55:28Z,8358623565efdccdededcc83a0b6f0699c797e38,success,,1,6,27,,,,,,,,
alexaltea/ntypes,,7bac0f7764ae1c88237b52c5c60da8c1adc80142,2023-05-15T17:40:44Z,7bac0f7764ae1c88237b52c5c60da8c1adc80142,success,,1,20,31,,,,,,,,
asuni/wavelet_prosody_toolkit,,229915e44e96c49d1d6fe4f29de47c27522ebf39,2023-05-03T03:46:10Z,229915e44e96c49d1d6fe4f29de47c27522ebf39,success,,1,41,29,,,,,,,,
python-organizers/conferences,,e595bc29f7dcee8a9c729afd85dacaa356edb61f,2023-04-27T23:00:08Z,e595bc29f7dcee8a9c729afd85dacaa356edb61f,success,,1,13,22,,,,,,,,
opentrons/protocols,,5f001ea6a071a3fcd2090b5acc2630bf83f52319,2023-03-30T18:06:46Z,5f001ea6a071a3fcd2090b5acc2630bf83f52319,success,,1,49,52,,,,,,,,
tsroten/fcache,,7306da8074acdbe38a2f121a05558a57d264c5fc,2023-03-18T21:07:48Z,7306da8074acdbe38a2f121a05558a57d264c5fc,success,,1,23,25,,,,,,,,
polymonster/jsn,,5fcb03ef2c4f6d453cdc809bcfdd3de3e9bdcaac,2023-03-16T11:42:25Z,5fcb03ef2c4f6d453cdc809bcfdd3de3e9bdcaac,success,,1,10,18,,,,,,,,
html5lib/html5lib-python,,d1dfa20ecd28d09a01b027fc24675132a8196ed3,2023-03-01T14:49:07Z,d1dfa20ecd28d09a01b027fc24675132a8196ed3,success,,1,26,24,,,,,,,,
thegrill/grill,,5457e7d359a53d70e150d210ba69248725fe00c2,2023-02-28T09:18:53Z,5457e7d359a53d70e150d210ba69248725fe00c2,success,,1,23,35,,,,,,,,
clembou/behave-pandas,,ec9c25dccbbd8d65999c56acc45729f85f9b3c57,2023-02-08T22:53:54Z,ec9c25dccbbd8d65999c56acc45729f85f9b3c57,success,,1,13,35,,,,,,,,
sjvrijn/mf2,,d281c557ecf6ab5c3528c8943482fe5f6c02ddd1,2023-02-03T00:35:10Z,d281c557ecf6ab5c3528c8943482fe5f6c02ddd1,success,,1,19,38,,,,,,,,
apache/airavata-django-portal,,a4ab56c01fae411c586998bfdb1b6b3d253c0e40,2023-01-10T19:48:37Z,a4ab56c01fae411c586998bfdb1b6b3d253c0e40,success,,1,25,44,,,,,,,,
tubular/sparkly,,77e4c055721b720e1d987826139c95362c8bdc37,2022-12-17T00:02:23Z,77e4c055721b720e1d987826139c95362c8bdc37,,,1,,,,,,,,,,
associatedpress/datakit-core,,06457d50af10ada3cd1178ae35a089761a66d37e,2022-12-09T00:44:34Z,9665b066486040d28c860ae797a3a529d43ebee3,,,1,,,,,,,,,,
festivus-es/festivus,,b7f72ce3b5d107a21879704f0028db05f2e63f49,2022-12-06T10:22:23Z,b7f72ce3b5d107a21879704f0028db05f2e63f49,,,1,,,,,,,,,,
pypi/conveyor,,ca52475f6bb036bf9888f272296734fd4945763c,2022-11-29T18:29:32Z,ca52475f6bb036bf9888f272296734fd4945763c,,,1,,,,,,,,,,
johnwmillr/lyricsgenius,,962b0ab0d4b6f60b3c6b4936dd91022dc125e9b8,2022-11-26T02:07:53Z,962b0ab0d4b6f60b3c6b4936dd91022dc125e9b8,,,1,,,,,,,,,,
interactive-sonification/pya,,215efca08e1ffe792b65312eab3a83f2055901a6,2022-11-22T17:53:48Z,423da80b95784b47f7992ecbe3f82bbe5d4a537e,,,1,,,,,,,,,,
autotest/tp-qemu,,6b9cc74124378970703ec83bcce129efbfdba764,2022-10-18T02:43:29Z,ac8bfb5e5c7abbbffa44f8368caa888b01aed513,,,1,,,,,,,,,,
klieret/randomfiletree,,55464acb5b6cd4eb4c891c1a1c9a1121efeaef1f,2022-10-03T22:54:09Z,55464acb5b6cd4eb4c891c1a1c9a1121efeaef1f,,,1,,,,,,,,,,
git-multimail/git-multimail,,4dcbcb7c4da1eec7cc305a9cfaa6143762a212af,2022-09-26T11:37:07Z,4dcbcb7c4da1eec7cc305a9cfaa6143762a212af,,,1,,,,,,,,,,
nginxinc/crossplane,,675f1611528241b1cf531ab37afcfc7572d390e9,2022-09-19T14:57:29Z,675f1611528241b1cf531ab37afcfc7572d390e9,,,1,,,,,,,,,,
networktocode/ntc-templates,,3bf02eb8b6f91558b5dbb995076aba1aec6901a2,2022-09-14T13:58:55Z,3bf02eb8b6f91558b5dbb995076aba1aec6901a2,,,1,,,,,,,,,,
mozilla/guardduty-multi-account-manager,,a6c136489b6e62976fb6f784572f36c19cff34b6,2022-09-02T16:12:06Z,a6c136489b6e62976fb6f784572f36c19cff34b6,,,1,,,,,,,,,,
razorpay/alohomora,,755a6fa98f1e770988e4f7b467298774887412c9,2022-08-18T10:34:18Z,1f6fb20270d02f9a05c76720726661b53bc88a6d,,,1,,,,,"add py3,6",remove py3.6,,,,
awslabs/aws-deployment-framework,,c431579c570f79b294a67b10c892d75e0b875a25,2022-08-11T14:46:27Z,c431579c570f79b294a67b10c892d75e0b875a25,,,1,,,,,,,,,,
fetzerch/kasserver,,3be78220d825481aecaef903e181e8c5a1634d7c,2022-08-03T22:00:02Z,3be78220d825481aecaef903e181e8c5a1634d7c,,,1,,,,,,,,,,
brave/simplepadding,,f65dc156d82cc49fe46272cd7c70a29a36295083,2022-07-12T23:22:11Z,f65dc156d82cc49fe46272cd7c70a29a36295083,,,1,,,,,,,,,,
bodik/soft-webauthn,,74351bf495c0327b7c88ec887d4474fd4391a94a,2022-07-08T09:31:41Z,74351bf495c0327b7c88ec887d4474fd4391a94a,,,1,,,,,,,,,,
humancellatlas/metadata-schema,,802c586fef2202c5e901b34896d49d1b9232d169,2022-07-05T13:05:26Z,802c586fef2202c5e901b34896d49d1b9232d169,,,1,,,,,,,,,,
davidfokkema/artist,,9f85910fb9ebb53ec447e71445c3636963a1d0cc,2022-07-04T14:32:52Z,9f85910fb9ebb53ec447e71445c3636963a1d0cc,,,1,,,,,,,,,,
ibm/qpylib,,9549354b79cea8b938c1e497f2eccb1f52609583,2022-06-24T10:40:13Z,9549354b79cea8b938c1e497f2eccb1f52609583,,,1,,,,,,,,,,
juliema/label_reconciliations,,3a6ea7a63ccade414d245ad80840052ba0a1803c,2022-06-16T21:20:51Z,3a6ea7a63ccade414d245ad80840052ba0a1803c,,,1,,,,,,,,,,
hsluv/hsluv-python,,d0104573fa6ed808b15425feb566f88800e8d7bb,2022-06-05T20:21:23Z,d0104573fa6ed808b15425feb566f88800e8d7bb,,,1,,,,,,,,,,
akshaykmr/emailtrail,,e38a452f3a4f7b3eca5167385524ea001b340102,2022-05-27T23:40:58Z,e38a452f3a4f7b3eca5167385524ea001b340102,,,1,,,,,,,,,,
google/openhtf,,0edf6c9b5b54c8b36348ddfb1dcc258a9d58634f,2022-05-20T18:33:58Z,1,,,1,,,,,miss cache steps,,,,,
whitews/flowio,,d24505e1ccbfbd4b8545a52d47be88c8fb6eb4ba,2022-05-19T17:04:56Z,d24505e1ccbfbd4b8545a52d47be88c8fb6eb4ba,,,1,,,,,,,,,,
jirutka/ssh-ldap-pubkey,,8713566405ee4988d65d95a1c227bf5bf4fe30fe,2022-05-18T23:02:13Z,8713566405ee4988d65d95a1c227bf5bf4fe30fe,,,1,,,,,,,,,,
stlk/django-shopify-webhook,,244670f6dece4794c91f4165b4dd1ee850b38528,2022-04-28T15:27:39Z,244670f6dece4794c91f4165b4dd1ee850b38528,,,1,,,,,,,,,,
kamilkijak/django-smoke-tests,,b16782256702a57964c821c024b8eb21531f09b3,2022-03-27T09:48:34Z,b16782256702a57964c821c024b8eb21531f09b3,,,1,,,,,,,,,,
dbrgn/drf-dynamic-fields,,62747bc7d6fb9da845333615b2d7bd5c3a212538,2022-03-26T13:51:18Z,62747bc7d6fb9da845333615b2d7bd5c3a212538,,,1,,,,,,,,,,
dassh-dev/dassh,,9ac319866ce449f63b2a66eb84bf72b369b25b8c,2022-03-25T16:18:04Z,9ac319866ce449f63b2a66eb84bf72b369b25b8c,,,1,,,,,,,,,,
NaturalHistoryMuseum/ckanext-versioned-datastore,,1349ac7073e93620b7dd5789766445453a5b5a73,2022-03-24T19:11:00Z,1349ac7073e93620b7dd5789766445453a5b5a73,,,1,,,,,,,,,,
databricks/spark-deep-learning,,0d709c088badd8767b9ee3eca07ba58ffbae1524,2022-03-21T17:06:04Z,0d709c088badd8767b9ee3eca07ba58ffbae1524,,,1,,,,,,,,,,
rogargon/myrecommendations,,990b725ea32f69e7f2bbd330ca028d3342fb8912,2022-03-17T09:04:17Z,990b725ea32f69e7f2bbd330ca028d3342fb8912,,,1,,,,,,,,,,
starou/simpleidml,,7fe93bf49cd649f99ebd12b756a68b8c59ddb842,2022-03-14T13:01:41Z,7fe93bf49cd649f99ebd12b756a68b8c59ddb842,,,1,,,,,,,,,,
click-contrib/click-log,,32ee9bec5b5cbb9a71bf4a67e80034b9e133a100,2022-03-13T11:08:55Z,32ee9bec5b5cbb9a71bf4a67e80034b9e133a100,,,1,,,,,,,,,,
cmake-lint/cmake-lint,,2e88a299fb2fddbd4e4b0db23c7f0a01c4e697b2,2022-02-19T06:17:41Z,2e88a299fb2fddbd4e4b0db23c7f0a01c4e697b2,,,1,,,,,,,,,,
algorand/pyteal,,20b2346c45a6ac9d40dc782afc7bffe7203e6f98,2022-02-10T15:30:16Z,20b2346c45a6ac9d40dc782afc7bffe7203e6f98,,,1,,,,,,,,,,
SiLab-Bonn/irrad_spectroscopy,,52ab67d8c2e69266c5c4ffdc7f8a009d777a41c0,2022-02-07T22:07:24Z,52ab67d8c2e69266c5c4ffdc7f8a009d777a41c0,,,1,,,,,,,,,,
pucrs-automated-planning/pddl-parser,,2188eff8791142f6949903faf4bbde253cba3cde,2022-02-03T18:48:05Z,2188eff8791142f6949903faf4bbde253cba3cde,,,1,,,,,,,,,,
seisman/how-to-write-makefile,,15600573d78560118fc4ff0a52790421e6e78383,2022-02-03T11:31:12Z,15600573d78560118fc4ff0a52790421e6e78383,,,1,,,,,,,,,,
jlumpe/pyorg,,4989672916bd458a95bb16ed3d78b18df8034179,2022-01-23T00:55:58Z,4989672916bd458a95bb16ed3d78b18df8034179,,,1,,,,,,,,,,
yelp/clusterman,,fc4e52ab01b3b4134f5913af49bcd9671ad49651,2022-01-13T16:29:14Z,fc4e52ab01b3b4134f5913af49bcd9671ad49651,,,1,,,,,,,,,,
stevelorenz/comnetsemu,,fd2aa2fd9173791e528694b3b550764fdc7d6695,2022-01-12T13:16:18Z,fd2aa2fd9173791e528694b3b550764fdc7d6695,,,1,,,,,,,,,,
uc-cdis/gen3sdk-python,,475d45c38c28c603a30c351924e31115be177035,2023-10-13T15:33:12Z,,success,,0,,,,,,,,,,
refinitiv/bottle-oauthlib,,309000eea46b940b779b1958f8eedd06f931550f,2023-08-22T11:04:28Z,1,success,,,,,,,miss cache steps,,,,,
codereclaimers/neat-python,,eb48647811d4d1db9017fc9f1abbcac2a464c4e5,2025-11-09T01:51:30Z,1,success,,,,,,,add extra os,,,,,
nolze/msoffcrypto-tool,,02363308e6f8b898f1a1f0b2908471dda19b5a1f,2023-02-27T19:10:33Z,1,success,,,,,,,add extra os,,,,,
bodleian/image-processing,,3afa7d83ed7604e49c0162779f83b3b515f6aa66,2022-06-07T11:38:50Z,1,,,,,,,,miss cache step,,,,,
audiolabs/rir-generator,,b1b1d9da89669178219cfc9c9eaba10dc921d8f6,2025-10-24T01:39:14Z,1,success,,,,,,,miss cache step,,,,,
simple-salesforce/simple-salesforce,,6afbec517ea1c50ba46608fb51870f6ce7e033d5,2025-08-15T03:09:51Z,,success,,,,,,,miss deploy steps,,,,,
auto-pi-lot/autopilot,,de03e456bcaf58b5b27dca817030507bc447961a,2024-07-09T22:11:07Z,1,success,,,70,54,,,miss deploy steps,,,,,
laszukdawid/pyemd,,9f42c57af8a39b15c99eeaf5f063c743f3c5f8c9,2024-03-16T18:06:34Z,9f42c57af8a39b15c99eeaf5f063c743f3c5f8c9,success,,,,,,,miss codecov steps,,,,,
jckdotim/python-markdown-wiki,,7835a826a2c222cc181a16bd5ba4df9eba7a21d8,2023-02-21T00:30:13Z,1,success,,,,,,,replace coveralls with codecov,,,,,
brunobord/skyfield-data,,bf746f9f1f3076c874aa24fd2b53272f260d3968,2022-02-17T21:12:22Z,1,,,,,,,,miss cache steps,,,,,
quipucords/qpc,,c4465dca02dca452009b62763af4eec8c4db3ed1,2022-02-02T15:47:09Z,1,,,,,,,,miss cache step,,,,,
lzakharov/csv2md,,9b818a6c1c0f029c7ec2853ae164bc82c19e4a79,2025-11-07T11:36:02Z,,success,,,,,,,change test command,,,,,
lionheart/pwnedpasswords,,6219d1c55c04532b0803b722ae8eb3415c39e00f,2025-11-06T15:39:30Z,,success,,,,,,,change test command,,,,,
markhedleyjones/dmenu-extended,,4f0b8b5188582a32d46a2d88474b2a0d389ab3e5,2025-11-05T23:06:32Z,,success,,,,,,,change test command,,,,,
ekzhu/datasketch,,fab3b555b26cab29a5b4d1a338852e017aa88709,2025-11-05T05:32:12Z,,success,,,,,,,replace nosetest with pytest,,,,,
mirumee/django-prices,,eb5dfe5595643a236e91df0838d56311fe6ab3d2,2025-10-29T16:33:28Z,,success,,,,,,,change test command,,,,,
Dicklesworthstone/mcp_agent_mail,,60b6b6ef215cb146aeead6c8a3685f1233536cfe,2025-10-23T06:05:43Z,,success,,,,,,,,,,,,
kyhau/ssllabs-scan,,958ee038bdc3dfe3d4685dede3c3734e619ba9af,2025-10-16T10:05:18Z,,success,,,,,,,change test command,,,,,
ipld/py-cid,,4edab5acd35ada2d10995aa637120b8d5e4ece57,2025-09-12T19:57:49Z,,success,,,,,,,add extract function,,,,,
ssokolow/quicktile,,7bd53ed6b57a124ae4a766a314342b88ee7e3cbf,2025-08-19T17:07:49Z,,success,,,29,39,34,37,fix package install,fix syntax error,add nose package,add cache step,add coveralls step,
nccr-itmo/fedot,,e8532bef87ab2644c2e008b3163159d6ea52b8a3,2025-08-07T13:03:40Z,,success,,,,,,,,,,,,
aimclub/fedot,,e8532bef87ab2644c2e008b3163159d6ea52b8a3,2025-08-07T13:03:40Z,,success,,,,,,,change test command,,,,,
cozy/cozy.github.io,,7f1ee311ad51128be0df352041d647b182aa7f17,2025-07-21T15:50:01Z,1,success,,,,,,,change exe order,,,,,
metabrainz/python-discid,,18e9e5e6b1f70946f45be39c3511a1dfe211904d,2025-07-20T13:07:39Z,,success,,,,,,,change test command and add upload step,,,,,
gee-community/qgis-earthengine-plugin,,6ab50e08e44b7e6bdcb893760c3d1e5768399cf9,2025-07-09T00:45:20Z,,success,,,,,,,include removed files,,,,,
ansasaki/abimap,,6dd8c334e4de732f3a61910b8956facf365744ef,2025-07-07T16:13:52Z,,success,,,,,,,replace coverall with coverage,,,,,
vtemian/django-server-timing,,5935338dfd9e568624fa878db43b8617c865acdb,2025-07-02T12:44:51Z,,success,,,,,,,change test command,,,,,
natekupp/ffx,,52f8a4a14cc952688f675b1e3b1e72b7cfb9a067,2025-06-28T14:55:56Z,,success,,,,,,,,,,,,
EmilMaric/ws-rebalancer,,3d7042f12ecc5a0a8f3dc9ddecd1668549fe024e,2025-06-17T04:43:40Z,,success,,,,,,,deploy into two files,,,,,
EmilMaric/cad-capital-gains,,1bf8c673a6456cb60970ef148da4c2018c1f679e,2025-06-17T03:52:29Z,,success,,,,,,,,,,,,
editorconfig/editorconfig-core-py,,d789e104281b4b7ff1805387ae49f2dbffbbc062,2025-06-07T19:04:29Z,,success,,,,,,,change test command,,,,,
TBradley27/FilTar,,0099206c8a56ae90b4fa270cacb228fe0c00e31b,2025-05-24T19:38:37Z,1,success,,,42,85,,,add cache,,,,,
sympy/planet-sympy,,a8dc7dc7f75bcdffdd1f2f3ebe0da23859264997,2025-05-13T18:32:38Z,,success,,,,,,,include removed files,,,,,
nickjj/verdiff,,baaa96cdc505b7d1eb8564dd38910543ed88dc62,2025-05-05T23:58:22Z,,success,,,,,,,change test command,,,,,
simonowen/pyz80,,7b4eb9e47ae12631152a48993e1e1722a1708efc,2025-05-03T21:03:37Z,,success,,,,,,,add extra os and change test command,,,,,
niksite/url-normalize,,7cb56a65a142bd59d588c5e30f344c7647c4d640,2025-03-29T23:24:34Z,,success,,,,,,,change test command,,,,,
robin900/gspread-dataframe,,081ab0ac39b7ebfb35482a3959b9dbb294349394,2025-03-28T19:04:36Z,,success,,,,,,,change test command,,,,,
openebs/rawfile-localpv,,c841d38383cce87511b90bd0237da3c3bf8e7a76,2025-03-12T16:34:07Z,,success,,,,,,,use nix-shell to run command,,,,,
pyauth/python-pkcs11,,f3305010992719db254de83f34cc934d0634f013,2025-02-11T17:57:38Z,,success,,,,,,,change test command and miss deploy step,,,,,
danni/python-pkcs11,,f3305010992719db254de83f34cc934d0634f013,2025-02-11T17:57:38Z,,success,,,,,,,,,,,,
brain-score/vision,,fec0bfa17c14a73bffdb2a3cd59bd3e5897b672f,2025-02-04T00:02:45Z,1,success,,,,,,,,,,,,
brain-score/brain-score,,fec0bfa17c14a73bffdb2a3cd59bd3e5897b672f,2025-02-04T00:02:45Z,,success,,,,,,,,,,,,
scikit-signal/tftb,,b9347ca5a775eabd41900da272de2a0b12bc5a1b,2025-01-28T07:22:32Z,,success,,,,,,,change test command and repalce coveralls with coverage,,,,,
electionscience/vote.electionscience.org,,9637695bd3967cd1eaa6acb4aa5db03efb68591b,2025-01-22T11:01:49Z,,success,,,,,,,miss flake8 step and add poetry,,,,,
electionscience/approval_frame,,9637695bd3967cd1eaa6acb4aa5db03efb68591b,2025-01-22T11:01:49Z,,success,,,,,,,,,,,,
jeanralphaviles/comment_parser,,bd3e1c9cb8d7e52f0a3afd1c86404d3199259f4e,2024-12-25T05:04:11Z,1,success,,,,,,,change test command,,,,,
jeanralphaviles/prometheus_speedtest,,00e2458e065d5a7b4d6e2db63f9939ecc1fd0738,2024-12-24T04:43:37Z,,success,,,,,,,change test command,,,,,
boutiques/boutiques,,ca843f1651cb59196dcecb62a82420ad1baa4a0f,2024-12-13T14:09:31Z,,success,,,,,,,change test command,,,,,
demianw/tract_querier,,4549c8e747e617747f5171b79108a157a7a7f3b5,2024-11-29T20:54:34Z,1,success,,,,,,,add extra version contral,,,,,
kvesteri/wtforms-components,,c9b015c6b67a9c2d393b39f09fea630431dc63fa,2024-11-14T14:31:02Z,,success,,,,,,,change test command,,,,,
isik-kaplan/iubeo,,3e491b811d7f2efd9cafee88271b63c7be97cd7f,2024-11-14T03:54:24Z,,success,,,,,,,split into two files,,,,,
isik-kaplan/django-urls,,4870212e23505ddaf4537f5b186d90be1ba87042,2024-11-14T03:22:55Z,,success,,,,,,,change test command,,,,,
coin-or/pulp,,c06fe08a3121f39148beb6f04d63a9b84c6979be,2024-11-01T15:06:27Z,,success,,,,,,,add extra os,,,,,
lucastheis/django-publications,,eaca716edc4827635423ac53f0cf6237c0aea865,2024-10-27T23:14:50Z,,success,,,,,,,miss cioveralls steps,,,,,
mozilla/foxpuppet,,fafd68928230f6d2f11bd1878ff8b0bf00b86bfb,2024-10-16T16:50:38Z,,success,,,,,,,miss deploy step and change test command,,,,,
scolby33/pushover_complete,,33721693f89e95c947fa47868b6dfa81fcbcb021,2024-10-09T16:17:57Z,,success,,,33,94,,,change test command,,,,,
sphinx-contrib/multiversion,,f5bda9ac8a488be51485fdeb6562f11d46d78818,2024-10-03T22:29:39Z,1,success,,,96,123,2,3,miss cache step,,,,,
holzhaus/sphinx-multiversion,,f5bda9ac8a488be51485fdeb6562f11d46d78818,2024-10-03T22:29:39Z,,success,,,,,,,,,,,,
michaelstepner/pandoc-mustache,,5d63040554d1f4c2babeed29caec8fcb334ec946,2024-10-03T18:56:50Z,,success,,,,,,,miss deploy step,,,,,
tongzhugroup/mddatasetbuilder,,b347e4d5800b8c0797a6de31ca5440746d3cb5c8,2024-09-16T18:49:04Z,,success,,,,,,,,,,,,
tongzhugroup/reacnetgenerator,,33db81e043f3e1546b015c28a1c6cf14b7497029,2024-09-16T18:48:39Z,,success,,,,,,,,,,,,
deepmodeling/reacnetgenerator,,33db81e043f3e1546b015c28a1c6cf14b7497029,2024-09-16T18:48:39Z,,success,,,,,,,,,,,,
deepmodeling/deepmd-kit,,0c59ef3d2a898e98bc72a22a1469067b4f648452,2024-09-16T18:48:20Z,,success,,,,,,,,,,,,
icesat2py/icepyx,,bd09d73b014f43dfa9dd5254d9b08f414e6792c4,2024-08-29T01:26:09Z,,success,,,,,,,split into two files,,,,,
django-cms/djangocms-snippet,,5069d827ecfa25f7b76c0cfaaecce11b695ea0a0,2024-08-20T09:22:20Z,,success,,,,,,,,,,,,
wehr-lab/autopilot,,de03e456bcaf58b5b27dca817030507bc447961a,2024-07-09T22:11:07Z,,success,,,,,,,,,,,,
keeprocking/pygelf,,504348d1a3a32028a9249ed38c9a1ee53fd26c23,2024-07-09T13:23:21Z,1,success,,,,,,,add lint test,,,,,
idaholab/MontePy,,1df0cf5510ab629501b21b2aa3fb060827bfe81e,2024-06-26T19:31:34Z,,success,,,,,,,,,,,,
saml-toolkits/python3-saml,,7658b88022ed144c3cf4f8349c74ce520d62f903,2024-06-23T08:18:50Z,,success,,,,,,,include removed files,,,,,
project-pareto/project-pareto,,ffaf0ac2fd7ccd0b1d6895dbd81356ef4790a6aa,2024-06-19T19:08:53Z,,success,,,,,,,,,,,,
apache/cassandra-ccm,,09a6553381de70af1a7efde4e3f707d5a5a4e112,2024-06-16T05:31:57Z,,success,,,,,,,change test command,,,,,
adrienverge/photocollage,,84bea2488a51ed5f354436c61ac2f85c97ee0181,2024-06-11T05:13:47Z,,success,,,,,,,change test command,,,,,
pyrk/pyrk,,cdcb06b41d1c038a62ff899f500ed27ba3780383,2024-05-31T20:42:48Z,,success,,,,,,,change test command and miss coveralls steps,,,,,
dalymople/ubxtranslator,,42e533f4e945d1a588b3594f8d3450e1945f7547,2024-05-22T20:18:51Z,,success,,,,,,,change test command,,,,,
ixc/python-edtf,,a7091f6446baa0fc7c2ca30755229e8b906d0f2c,2024-05-06T20:45:21Z,,success,,,,,,,include removed files,,,,,
buildlyio/buildly-core,,f680df8446eb71359cb3f4b5aad3c3fb95417b35,2024-04-05T22:01:25Z,,success,,,,,,,,,,,,
hokus15/IOTConnect,,6c0939c483295b88bda64b1ee42f633bd2277b39,2024-03-24T12:40:05Z,,success,,,,,,,add extra test and inclue removed files,,,,,
MarketSquare/awesome-robotframework,,1039068307b0ea20b0a81466cb4beb873b4a0b85,2024-03-08T03:19:42Z,,success,,,,,,,ruby,,,,,
smartbgp/yabgp,,59dc51b38ca27a7193743877d8e08dfa89e6f79d,2024-03-06T08:57:45Z,,success,,,,,,,add test command and miss coveralls steps,,,,,
fair-research/bdbag,,15f22fb29bb7d054ef3e328f9f2938ecfe959a86,2024-03-05T04:27:31Z,,success,,,,,,,change test command,,,,,
sk1p/django-codemirror2,,ed3fa3f804d621d8887c2f6a23ab8687a69d5c28,2024-02-22T23:35:02Z,1,success,,,,,,,add release steps,,,,,
mypaint/mypaint,,9186d3458df28c2f6b6f1d933566cec764a7a6a1,2024-02-05T23:19:19Z,1,success,,,,,,,,,,,,
nameko/nameko-sqlalchemy,,e7373491a005f2f0f6eccc8a5f8ed67df236927d,2024-02-02T13:19:12Z,,success,,,,,,,miss deploy steps,,,,,
citrineinformatics/citrine-python,,97a2ab85d18f6ee8b832817dc625219177d62147,2024-01-30T16:24:39Z,,success,,,,,,,split into three files,,,,,
OpenSimulationInterface/osi-validation,,f2a0b8bd8b2f4f2dc65cfe9d9f3aa96f1d6bf30b,2024-01-16T13:42:38Z,,success,,,,,,,include extra files,,,,,
davidjamesca/ctypesgen,,71f220f554ab52ac4fdde1b9c9736f77b463f8cc,2024-01-05T13:51:41Z,,success,,,,,,,,,,,,
ctypesgen/ctypesgen,,71f220f554ab52ac4fdde1b9c9736f77b463f8cc,2024-01-05T13:51:41Z,,success,,,,,,,split into two files,,,,,
andhus/scantree,,1957459eb885881c559354f0b74974c697d92281,2024-01-04T22:15:57Z,,success,,,,,,,,,,,,
saabeilin/kafkian,,b19d3f0ebd7d8bda290ef4687fcb4c9edd90fd54,2023-12-25T22:19:13Z,,success,,,,,,,add extra steps,,,,,
alir3z4/html2text,,8c4f446c97e7b74641af0243e02dde6ac995f1fb,2023-12-22T20:23:12Z,,success,,,,,,,miss cache and replace coveralls with codecov,,,,,
lkiesow/python-feedgen,,c1c2859a7c8bfde66652c18ca5ec7e701436883e,2023-12-21T21:13:27Z,,success,,,,,,,replace coveralls with coverage,,,,,
jpmckinney/validictory,,93d539587cc99e677e954e35ba5edb6b434ec0db,2023-12-21T20:49:18Z,1,success,,,,,,,add extra os,,,,,
vstoykov/django-clamd,,989141f56b23925dd9d3c5620ec5bb14b3614289,2023-12-20T01:15:56Z,1,success,,,,,,,,,,,,
unt-libraries/catalog-api,,917ff0c92bc26d2a666a3bf1f39d725ad047d2a3,2023-12-15T21:57:14Z,,success,,,,,,,change test command,,,,,
brainglobe/brainglobe-workflows,,afba96519cce5db7515c2ff13cf7c2b548add652,2023-12-13T09:47:12Z,,success,,,,,,,,,,,,
flozz/pypapi,,5b8cbb960221d34398a42599bcd966fbf5af1018,2023-12-12T12:17:06Z,,success,,,,,,,change lint command,,,,,
jazzband/django-polymorphic,,0ead3b6d6f3441fa28fa133bad9563578cacecad,2023-12-12T10:50:15Z,,success,,,,,,,miss psql steps and add build steps,,,,,
jsocol/django-adminplus,,6cd2e9e0f93a01afcbfd3383c1f56a89a93b37b0,2023-12-05T16:51:09Z,,success,,,,,,,split into two files,,,,,
awickert/gflex,,9b38a82b2e5c18e4ab9a424ff3ab1208b5ed68cb,2023-12-01T21:55:06Z,,success,,,,,,,change test command,,,,,
decalage2/olefile,,18acbf4e2ff25c59f97a148b8bc5ba0a17cf9c26,2023-11-23T12:41:12Z,,success,,,,,,,miss lint step and add extra os,,,,,
humanbrainproject/hbp-neuromorphic-client,,d4e6dd7f4c2111137efd8b7daea9a010603f5413,2023-11-16T17:13:04Z,,success,,,,,,,use extra actions,,,,,
nap/jaro-winkler-distance,,dc99f738c58ed167348bafabf72fc5bddd0ea2aa,2023-11-11T19:17:34Z,,success,,,,,,,change test command and miss coveralls steps,,,,,
benbrostoff/draftfast,,6de1f7e62f89d1dfc1a597fd91e3807bae0540dc,2023-11-05T14:55:02Z,,success,,,,,,,change test command,,,,,
dspinellis/rdbunit,,23a6cd112ba9cb16a476e8de78151e7af7d3abff,2023-10-15T10:02:04Z,,success,,,,,,,change test command,,,,,
brain-score/language,,08785bcfb01f4c6e357fac94a154a3747a903d51,2023-10-15T01:09:31Z,,success,,,,,,,change test command,,,,,
dirkmoors/drf-tus,,c24b82202692f331ab02170107398d84fa326e90,2023-10-13T09:33:52Z,1,success,,,,,,,,,,,,
peshay/btcde,,fa112a3eabc10b954f1d204b9f97b10aa6a5d23b,2023-10-06T09:43:33Z,,success,,,,,,,change test command,,,,,
opencivicdata/scrapers-ca,,791b327df5b6e511df8c6242dbcee8ba0d0b0efd,2023-10-05T18:50:46Z,,success,,,,,,,change test command,,,,,
uc-cdis/sheepdog,,5b5c6b9c93a1ffd61bd4e6a17f78fcdb264d2d3f,2023-09-15T21:01:49Z,,success,,,,,,,use extra actions,,,,,
hplt-project/sacremoses,,1b161ea9b54a83fd77caf395186716425803c872,2023-09-14T12:58:21Z,,success,,,,,,,add extra os and change package install,,,,,
nitmir/django-cas-server,,97e3b34fb195f4977f68adc8d927d00b911531c4,2023-09-13T12:29:22Z,,success,,,,,,,miss log steps,,,,,
bcgov/sbc-auth,,e47d51259c9a4ed29506814e99202e9e09aef122,2023-09-12T19:11:13Z,,success,,,,,,,,,,,,
vauxoo/travis2docker,,485b1e812e9fb929f102cb58041b8d7a196eb1d7,2023-09-07T04:04:15Z,,success,,,,,,,include removed files,,,,,
seantis/suitable,,7975ee7b1731c7527dc7c89343008a933b5eb62a,2023-09-04T14:52:43Z,,success,,,,,,,,,,,,
sphinx-contrib/apidoc,,31d2857ab604dcd351a1e6f7e9b88fc3975969b5,2023-09-04T09:50:23Z,,success,,,,,,,add extra steps,,,,,
ip-tools/python-epo-ops-client,,8d69d50d171161e3c5a70c92c08bbe4226f60aac,2023-08-24T22:22:47Z,,success,,,13,61,,,replace coveralls with codecov,,,,,
gsong/python-epo-ops-client,,8d69d50d171161e3c5a70c92c08bbe4226f60aac,2023-08-24T22:22:47Z,,success,,,,,,,,,,,,
quic-interop/quic-interop-runner,,f7fecbc814b8e153a861189fc6758dfedd5ecd15,2023-08-19T01:38:56Z,,success,,,,,,,include removed files,,,,,
andrewekhalel/sewar,,25163cdc592429b32151069367a27df17bd73e63,2023-08-17T20:56:58Z,,success,,,,,,,change test command,,,,,
yelp/fuzz-lightyear,,98aef57239cb9356927c50ee1c35eddedbe3acd7,2023-08-16T14:49:13Z,,success,,,,,,,change test command,,,,,
jgosmann/goppy,,5d177979cc1cf761c581da735350e4643702527f,2023-08-07T19:24:52Z,,success,,,,,,,change test command,,,,,
seismicdata/pyasdf,,a5efcbb545a2d7acb98237f9d210b44c82322951,2023-08-02T11:17:05Z,,success,,,,,,,miss coveralls steps,,,,,
semaphoresolutions/s4-clarity-lib,,5a70db1b3394aa0dcec858ad453087c7414a8b54,2023-07-28T22:18:51Z,,success,,,,,,,split into three files,,,,,
springload/wagtail-django-recaptcha,,6f701acfa833988a012af784f4e68529c27a234e,2023-07-26T14:59:45Z,,success,,,,,,,,,,,,
maxkrivich/slowloris,,35e11f332c574d8249e584e4c48d511732c850e9,2023-07-25T12:08:07Z,,success,,,29,34,,,add extra os,,,,,
mehta-lab/VisCy,,09fb3cddd7765de0b37ed8cbefb0707551916308,2023-07-18T19:19:05Z,,success,,,,,,,,,,,,
bitranox/igittigitt,,95190410484e8d16ddbe8506f26fab32a3fa7b17,2023-07-13T17:43:18Z,,success,,,,,,,incldue removed files,,,,,
obriencj/python-javatools,,daa85753531b37f8bcfc453b6d9107d6b5762b7b,2023-07-03T19:10:55Z,,success,,,,,,,change test command,,,,,
carlthome/audio-scraper,,aeae33b03d0c762bd58817957bcdb21f188bc86f,2023-06-25T11:02:56Z,,success,,,,,,,,,,,,
carlthome/audioscrape,,aeae33b03d0c762bd58817957bcdb21f188bc86f,2023-06-25T11:02:56Z,,success,,,,,,,replace with actions,,,,,
mir-evaluation/mir_eval,,93f2741de61ffce6d661ffa1aadbd370f43492a3,2023-06-22T14:32:31Z,,success,,,,,,,miss coveralls steps,,,,,
craffel/mir_eval,,93f2741de61ffce6d661ffa1aadbd370f43492a3,2023-06-22T14:32:31Z,,success,,,,,,,,,,,,
opencagedata/python-opencage-geocoder,,728e320a132ac423fe2705e7bef108fa68cee392,2023-06-18T20:35:11Z,,success,,,,,,,split test command,,,,,
mtreinish/pyopnsense,,b5ad7a227d1214b0e82ce9a40f640e80dbc477f9,2023-06-18T18:59:11Z,,success,,,,,,,include removed files,,,,,
dfki-ric/phobos,,32fd8f6927616172e3c824bbf18dd9353083a660,2023-06-15T15:03:17Z,,success,,,,,,,use extra actions,,,,,
ocr-d/core,,c63ab4c11d80a76a960dd60d4a232068751e19e6,2023-06-08T14:15:01Z,,success,,,,,,,change test command,,,,,
saleguas/context_menu,,0207cfcb4fea039c89deaa5635d34797f9d97c84,2023-06-04T10:17:30Z,,success,,,,,,,change test command,,,,,
edio/randrctl,,a974343bcf13b0543935076a58c99cdf10e174d9,2023-05-28T20:13:35Z,,success,,,,,,,,,,,,
caronc/apprise-api,,6cf3a2802be35105baa9d4edc97c75806f1093de,2023-05-16T16:29:01Z,,success,,,,,,,change test command,,,,,
laurears/codegrapher,,a5d6959089949e9cba7df6f9fb11079ae07520b1,2023-05-04T00:04:56Z,,success,,,,,,,change test command and add upload steps,,,,,
ebertti/django-admin-easy,,798e851a0bf18f582d56163e1e7e465efaa5ce71,2023-05-03T20:27:46Z,,success,,,,,,,change test command,,,,,
chrizzFTD/printree,,f6eb1cedae4080035d8ff83aaef56208fc42f1bb,2023-04-30T21:56:24Z,,success,,,,,,,replace coveralls with codecov,,,,,
sybrenstuvel/python-rsa,,c0d867079dff6a3e15d13967c05d0f4cf2de11c5,2023-04-23T18:49:02Z,,success,,,,,,,miss coveralls steps,,,,,
openuado/niet,,c886b9ce604216da4f2f063aa76452cc4b2b3fa7,2023-04-18T16:48:27Z,,success,,,,,,,change test command,,,,,
mmerickel/pyramid_services,,9063fd82828d672fb3b233189b42f2294706cc7a,2023-04-16T15:47:51Z,,success,,,,,,,miss cache steps and add extra os,,,,,
msaltnet/smtm,,50faecd5d1c83cd9af3f04b274d018d1f9f08e64,2023-04-09T13:37:57Z,1,success,,,,,,,,,,,,
meyt/linkpreview,,be751249ad058c49e3023a41dc8743cfec7f17f2,2023-04-06T20:55:14Z,,success,,,,,,,cahnge test command,,,,,
beardypig/pymp4,,d18dabd59fe67cdc4982786a83fc67ab9ac71ff2,2023-04-05T09:18:18Z,,success,,,,,,,split into two files,,,,,
bioconda/bioconda-utils,,3ee2e9a1d710474fe90ad4e1d5eb49bf1b73bb06,2023-04-03T13:16:20Z,,success,,,,,,,include removed files,,,,,
metasys-lisbp/isocor,,b107019819c8855b00491ab9d8a5e3d4af729578,2023-03-30T12:26:07Z,,success,,,,,,,add extra os and miss deploy steps,,,,,
fuzeman/trakt.py,,d508a5604ecb4eb802d3e77d07528c4627bc1b3c,2023-03-28T08:21:47Z,,success,,,,,,,miss deploy steps,,,,,
glidergeek/pysoar,,145368de5e5e76000aa3dbd9c792b39863c993c6,2023-03-26T19:15:54Z,,success,,,,,,,miss deploy steps,,,,,
robashaw/basisopt,,fdb0ee8ad2f7071f68329796a237a2352d46c23a,2023-03-18T15:50:10Z,,success,,,,,,,change test command,,,,,
dropbox/merou,,a603deeae2ef417d8554a7ddc1b728df8c931c2e,2023-03-14T17:55:09Z,1,success,,,19,47,,,miss cache step,,,,,
bitcoin/bips,,ebea569f193577af8be51a48f0838fab38add0a9,2023-03-09T02:57:21Z,,success,,,,,,,include extra files,,,,,
lukeshortcloud/rootpages,,1c291478990ff1c68c9db232ccf520af6bec1820,2023-03-06T21:51:23Z,,success,,,,,,,include renamed files,,,,,
necaris/cuid.py,,90eb8625350db7cf56dccc1ab93539333988e5bf,2023-03-05T15:23:30Z,,success,,,17,28,,,change test command,,,,,
benkonrath/django-csv-export-view,,f457344c1cebdad59e2120e649cbd9f221d1420d,2023-03-05T13:56:32Z,,success,,,75,63,,,miss coveralls steps,,,,,
broadinstitute/viral-assemble,,750446fad9609cba9d6af9d3f8b4cdb2c2444d01,2023-03-03T16:08:26Z,,success,,,,,,,include renamed files,,,,,
szastupov/aiotg,,335565e778e54fcd96f35199d087a741cdc75a62,2023-02-28T11:33:13Z,,success,,,21,31,6,2,miss deploy step,,,,,
strinking/futaba,,b24262256b36c44d0b15962911b9ef3472e15b28,2023-02-21T23:32:00Z,,success,,,,,,,change test command,,,,,
pyecore/pyecore,,38446c5546da775b9e24b26e1868fd81658c2a64,2023-02-20T22:54:11Z,,success,,,,,,,split into three files,,,,,
openlightingproject/rdm-app,,b729db34317a82ca9c44c2d9a4ae66a1d01df0e1,2023-02-17T02:50:04Z,,success,,,,,,,miss cache step,,,,,
intgr/topy,,4bb0f54f75ab58ee1e6b84c7ccbbc6d987787c9b,2023-02-16T22:58:23Z,,success,,,,,,,change test command,,,,,
ui/django-post_office,,52b29006a2aa535946813f886f576c2e0202c3da,2023-02-16T01:54:37Z,,success,,,,,,,change test command,,,,,
funkelab/daisy,,a1311c47829a48145a0a3b0ecfc320c02ca2c812,2023-02-15T21:34:01Z,,success,,,,,,,change test command,,,,,
sloria/aiohttp-utils,,946089e6084ed3c6d75f34587071f35fb6df2c4f,2023-02-14T13:18:10Z,,success,,,,,,,change test command,,,,,
neithere/argh,,313698b85544d4c28e5ed94fccd3c9ea2afe5b4c,2023-02-11T13:41:59Z,,success,,,,,,,change test command,,,,,
click-contrib/click-repl,,0b2db19370eec5ba60fbc2abb73427ed7826dea0,2023-02-02T15:15:28Z,,success,,,,,,,miss test linter,,,,,
suor/whatever,,1cebc4a2f6e7c162199e37cacb24176ff7567d3c,2023-01-29T09:31:22Z,,success,,,,,,,change test command,,,,,
kpetremann/mqtt-exporter,,4e6c838870cf31ee53de40eece0b60f30b139c18,2023-01-27T18:07:20Z,1,success,,,11,37,,,change exe order,,,,,
ukhsa-collaboration/pygom,,74f580627b185985e269667b0e0cdbd000645365,2023-01-26T20:15:01Z,,success,,,,,,,miss deploy steps,,,,,
publichealthengland/pygom,,74f580627b185985e269667b0e0cdbd000645365,2023-01-26T20:15:01Z,,success,,,,,,,,,,,,
neuschaefer/wpcm450,,8f384d49dd4ee008e451b5569a59a1d8a432e756,2023-01-21T13:44:15Z,fef6e0920dcf1cc04b295f237255952d697a1c8a,success,,2,,,,,change step,,,,,
anhaidgroup/py_stringmatching,,924786d0da43824458086405ef9eafa7ccd34871,2023-01-12T22:11:39Z,,success,,,,,,,add extra os and change test command,,,,,
tonyseek/openvpn-status,,46da3cca9cde25f65a53675bdebca00bf3355a0b,2023-01-10T08:41:08Z,,success,,,,,,,miss coveralls steps,,,,,
florianfesti/boxes,,dc3ee35716752fec70a52043a107da39ea5cf766,2022-12-28T16:06:08Z,1,,,,,,,,add extra step,,,,,
biomedsciai/causallib,,cbec306a71145452ca36c936025400f31c7b07b7,2022-12-21T14:50:57Z,1,,,,,,,,miss cache,,,,,
roboticsclubiitj/ml-dl-implementation,,e3e49e677f85256aa997b1adf3a3831d466fa1ff,2022-12-21T08:52:53Z,1,,,,,,,,add extra flake8 condition,,,,,
radio-astro-tools/spectral-cube,,b9541ea7156e0707b0058a4b8585641a8188fabb,2022-12-20T13:34:03Z,,,,,,,,,miss xvfb step,,,,,
dfki-ni/rospy_message_converter,,32c6deb8d0b35f446e2fea6d80ed62bbcdb6334e,2022-12-19T15:15:11Z,,,,,,,,,miss test environment,,,,,
fluiddyn/fluidimage,,0b880dda83061e685ec64c7b81819c65a60cf68b,2022-12-13T10:15:11Z,,,,,,,,,change test command,,,,,
jllorencetti/pytest-deadfixtures,,37995c6e167ffba9ef049deb251fe8def341185b,2022-12-11T20:09:49Z,1,,,,,,,,miss cache,,,,,
lensvol/pybetter,,8f23c88ada77aebce6a211c1d27ddcd37782472a,2022-12-08T23:50:43Z,,,,,,,,,replace pip with poetry,,,,,
c4pr1c3/cuc-ns,,ed9cf1ff92f24b6f09745b076bfc28fb87c41be0,2022-12-08T05:53:56Z,,,,,,,,,include removed files,,,,,
peterjc/galaxy_blast,,09726d7e1027317f47abee25df52016535d050ce,2022-12-06T11:47:58Z,,,,,,,,,miss lint test,,,,,
pubnub/python,,342c981bfcc99f4163fe6867abee1081ea92890b,2022-11-22T16:58:37Z,,,,,,,,,add extra step,,,,,
scrapinghub/price-parser,,18c5ed8c98a569f805ac4444a2dae20bdef27760,2022-11-22T16:38:09Z,,,,,,,,,split into two files,,,,,
brain-slam/slam,,5f988cbcc9c4bf8a2a0f29ef78e205750bffef93,2022-11-22T14:55:06Z,,,,,,,,,miss mac os,,,,,
skozlovf/flask-json,,9c88c5af9f6f3a46a77bb14de33283900dd0287d,2022-11-19T14:34:19Z,1,,,,,,,,change test command,,,,,
rambler-digital-solutions/scaraplate,,4f343441d069f8a8184cf11eb870f924aa55eea5,2022-11-12T12:00:28Z,1,,,,,,,,change exe order,,,,,
snowballstem/pystemmer,,9e4e9b795ede0ceb2b9a3cacd20ffaf4ab60b26e,2022-11-09T03:19:58Z,1,,,,,,,,,,,,,
sympy/sympy,,bcb8a73bc34a8372b39b8a2f0edcb7452d929a9c,2022-11-08T23:09:40Z,,,,,,,,,include removed files,,,,,
rice-solar-physics/ebtelPlusPlus,,78bfe78d82e0d6080670be133796c73589fecdd1,2022-11-08T19:12:40Z,,,,,,,,,split into two files,,,,,
icrar/ngas,,9183a31d96edd2a681c0ac783641ab08b6aa9253,2022-11-01T12:05:50Z,,,,,,,,,change test command,,,,,
rdiff-backup/rdiff-backup,,e66e0166ba4fd2b1726752ec2ea027627835b7a5,2022-10-30T07:07:02Z,,,,,,,,,,,,,,
getslash/flux,,b326636c682397ce718a77bc2c5d26fe57b16a21,2022-10-28T08:31:44Z,,,,,,,,,miss deploy step,,,,,
vimjas/vint,,e12091830f0ae7311066b9d1417951182fb32eb5,2022-10-24T13:06:33Z,,,,,,,,,miss deploy step,,,,,
getslash/gossip,,1138329e0ea8720884323a7dd1849f33aa8582f3,2022-10-22T14:22:42Z,,,,,,,,,miss deploy step,,,,,
libvips/pyvips,,d6ee323a363bbf599e35c5d354c4a971ba8d3e5d,2022-10-18T15:58:03Z,,,,,,,,,change test command,,,,,
hugovk/pixel-tools,,30ebadec3fe9d843d6b9ec598aaad1d6152198a4,2022-10-10T16:19:20Z,1,,,,,,,,miss cache steps,,,,,
fluiddyn/fluidfoam,,782e3c9d7b396f04806fad8c26f095b94276224d,2022-10-10T15:41:29Z,,,,,,,,,miss deploy step,,,,,
podhmo/dictknife,,51ed44acabac56d14ab5a7af394f09a97450f0de,2022-10-09T19:19:54Z,,,,,,,,,change test command,,,,,
jan-glx/ICPy,,13c5b5f135188858f3c651245198e7cea8f94296,2022-10-07T08:58:29Z,,,,,,,,,split the file into four files,,,,,
caleb531/cache-simulator,,167a1e75ce4111df829449d76ec8eb6a7b3017fc,2022-10-05T00:43:34Z,1,,,,,,,,miss lint test,,,,,
mhe/pynrrd,,055924c1a16405e1e17895da19770cef2840e085,2022-10-03T23:04:52Z,,,,,,,,,split into two files,,,,,
vaidik/sherlock,,fc6c01c0bffbec500db050825830a8e7f66fdb32,2022-10-03T11:13:23Z,,,,,,,,,,,,,,
py-sherlock/sherlock,,fc6c01c0bffbec500db050825830a8e7f66fdb32,2022-10-03T11:13:23Z,1,,,,,,,,miss coveralls step,,,,,
djordon/queueing-tool,,54ef7abd72c9e1ee967329b97b7303be3017cc7c,2022-10-03T03:53:26Z,,,,,,,,,replace pip with poetry,,,,,
craigds/django-fieldsignals,,7da8f6267cdc4f7999763c9aff29c17e62e5a799,2022-10-02T01:45:00Z,,,,,,,,,change test command,,,,,
rxn4chemistry/rxn-reaction-preprocessing,,2f5aee11287772476d3e1cb9d3f06db2c2027626,2022-09-30T16:00:04Z,,,,,,,,,split into two files,,,,,
mancellin/capytaine,,bcc5b290d15c337e345bbd15e1548db638c5b9fd,2022-09-19T10:12:28Z,,,,,,,,,,,,,,
capytaine/capytaine,,bcc5b290d15c337e345bbd15e1548db638c5b9fd,2022-09-19T10:12:28Z,,,,,,,,,pther language,,,,,
shmup/miniboa,,3fc69a22c999edf9f0e5cc2197a8fc81e8494b1b,2022-09-19T03:23:55Z,,,,,,,,,change lint command,,,,,
porridge/bambam,,14bfd88b1520c7af39b05e0fc90466e90d24e807,2022-09-17T08:59:06Z,1,,,,,,,,change exe order,,,,,
hbehrens/puncover,,4a577c99730fa0f22ab6a58329ebcf199c100ffb,2022-09-16T15:32:24Z,,,,,,,,,change test command,,,,,
dfki-ni/mir_robot,,cefbb9fd7fe3d16e5719ff0f231ea602801d1516,2022-09-14T08:41:04Z,,,,,,,,,change test command,,,,,
openrca/orca,,7350550195da13ff3bf9dfb2eaa2cbe7be09845a,2022-09-10T14:22:09Z,,,,,,,,,change test command,,,,,
ecometrica/django-vinaigrette,,eac402d836b61d693d8af0379ca591f0232005d5,2022-09-02T21:04:25Z,,,,,,,,,replace coverallss with coverage,,,,,
davisnt/mopidy-alarmclock,,14288cd59384574a17ae23521c9366fe1d328701,2022-09-02T20:56:13Z,,,,,,,,,add cache step,,,,,
picnicsupermarket/diepvries,,5ccad5094287cefb04540dc340d9421d264474a8,2022-08-25T11:43:37Z,,,,,,,,,split into three files,,,,,
planetmint/planetmint-driver-python,,05aa838fe5f1722b67cf41d5638cbc90e04278f0,2022-08-23T12:22:20Z,,,,,,,,,,,,,,
myint/autoflake,,834c6d2b36ceb0dac7d660334c4098c3de6a28ed,2022-08-23T03:40:52Z,,,,,,,,,,,,,,
pycqa/autoflake,,834c6d2b36ceb0dac7d660334c4098c3de6a28ed,2022-08-23T03:40:52Z,,,,,,,,,miss lint test and coverage step,,,,,
dolphin-emu/netplay-index,,395984b28841deb26667ff92469723ab01fda451,2022-08-20T02:00:25Z,1,,,,,,,,change test command,,,,,
planetmint/planetmint,,8abbef00fe6add9df1cf3dd6492ffbc4e1802786,2022-08-18T07:45:51Z,,,,,,,,,include removed files,,,,,
apsl/django-yubin,,59c44235e0c6140369911ce5b7ad1a6fc64d9eab,2022-08-17T15:09:15Z,,,,,,,,,miss deploy step,,,,,
enthought/encore,,c9c6ce5bc1bdd66f8b215df1421a5d38a76e9be7,2022-08-16T14:51:04Z,,,,,,,,,miss coveralls steps,,,,,
dchevell/flask-executor,,2a836588a990fee18d6e295b495625f7c2006008,2022-08-15T21:12:32Z,,,,,,,,,miss coveralls step,,,,,
pysb/pysb,,12e7916e9042dcce5e718241901fdda6c50d4db3,2022-08-15T19:51:06Z,,,,,,,,,add extra os and miss codecov step,,,,,
mthh/jenkspy,,87b4dfa4a4491ccc29a0ff6559d05dd21079df1e,2022-08-11T10:50:39Z,,,,,,,,,add extra os and include removed files,,,,,
quantling/pyndl,,a47618c8b35c3a13603adf9d1e040db1f09a1bcf,2022-08-11T10:08:07Z,,,,,,,,,add extra os and change test command,,,,,
mila-iqia/cookiecutter-pyml,,7034a7dce9daa80e74ce7f91859483a2d8dcf935,2022-08-09T17:45:52Z,1,,,,,,,,miss cache,,,,,
aosingh/lexpy,,0455e0270efa0c990e3d2cb3bfbb91a704f75453,2022-08-07T05:31:26Z,,,,,,,,,add extra os and miss coveralls steps,,,,,
ioxiocom/pyjwt-key-fetcher,,b04e8fd7fbe390e849a4beb6af416ad073f3fbf9,2022-08-05T11:13:59Z,,,,,,,,,split into two files,,,,,
ioxiocom/arangodantic,,023a9e05e0fab437281c06b16b592511e70cc1d1,2022-08-05T10:54:20Z,,,,,,,,,split into two files,,,,,
digitalliving/firedantic,,091e150f27632ecfe237ec08a35051413520004b,2022-08-04T12:44:40Z,,,,,,,,,,,,,,
ioxiocom/firedantic,,091e150f27632ecfe237ec08a35051413520004b,2022-08-04T12:44:40Z,,,,,,,,,,,,,,
getsentry/sentry-python,,7815a5e0eb19a6d5f8f7b342fccce2d17f9bdabd,2022-08-04T10:19:10Z,,,,,,,,,include changed files,,,,,
cgatoxford/umi-tools,,2755393e8e6a83b7d5bf6df80c07fa0785fb5649,2022-08-04T08:49:07Z,,,,,,,,,add extra os and change test command,,,,,
isisneutronmuon/mdanse,,0717e691cf9acac255a3430a46c1824a84391fc8,2022-08-03T16:28:47Z,,,,,,,,,,,,,,
robromano/django-adminrestrict,,1cc58d8ed38f77704ed0f6c11e620f680ec1e65f,2022-07-31T22:30:47Z,,,,,,,,,add flake8 test and miss coveralls step,,,,,
pycasbin/django-orm-adapter,,1799eab6aa105e59a2df1e301b5e08602f89b5fb,2022-07-30T09:11:01Z,,,,,,,,,add extras os,,,,,
zecure/shadowd_python,,9020cb6b3a9304e6a2df5129b0a66ee655176a84,2022-07-29T11:52:09Z,,,,,,,,,add extras os,,,,,
fusionbox/django-authtools,,4af88d515a213b6b184a1f75c1a89116a8603fef,2022-07-28T15:19:27Z,,,,,,,,,change test command,,,,,
wbond/pybars3,,6fc46419fc989f85028e636a786ab5a0fba8ad9a,2022-07-27T02:31:58Z,,,,,,,,,change package install,,,,,
moguri/panda3d-gltf,,afe2da23d56e86322ba93e70c4de7766b9ee6d8c,2022-07-21T21:45:18Z,,,,,,,,,include removed files,,,,,
lukecyca/pyzabbix,,e8b7c15802c2899fc1414146687a26f1bb6b0281,2022-07-21T15:35:50Z,,,,,,,,,change test command,,,,,
ethereum/EIPs,,5c4dc86759b0027e9db42eeadbf4c93b0d373c92,2022-07-13T13:40:50Z,,,,,,,,,include removed files,,,,,
caleb531/automata,,4b4dc4bb363293130b8abc10c8f5a6665aed31fd,2022-07-13T03:03:04Z,,,,,,,,,change test commmand,,,,,
caleb531/youversion-suggest-alfred,,64ad2d4a1188f89f43d2229f3c51f0f2fe2eaec4,2022-07-12T22:10:29Z,,,,,,,,,change test commmand,,,,,
disqus/django-bitfield,,8634f695d76105362bcbb5d08c0b75e8be15ef31,2022-07-12T00:31:43Z,,,,,,,,,include removed files,,,,,
necaris/python3-openid,,cf82282435b19055d603438c2af230825eabdec1,2022-07-09T17:22:15Z,,,,,,,,,replace coveralls with codecov,,,,,
hisparc/publicdb,,17499a9671a8a18f20e496a55a5c6c012e5f7cfb,2022-07-07T06:25:38Z,,,,,,,,,include extra file and miss deploy step,,,,,
tia-lab/tiatoolbox,,f58f50bb9176366022c09a1ccdfd16de5baa7f4e,2022-07-05T10:52:14Z,,,,,,,,,,,,,,
tissueimageanalytics/tiatoolbox,,f58f50bb9176366022c09a1ccdfd16de5baa7f4e,2022-07-05T10:52:14Z,,,,,,,,,add lint condition and change test command,,,,,
theonlypwner/crc32,,de425805018a19033a705094636ad8ae783520bf,2022-07-02T22:51:14Z,,,,,,,,,add extra os,,,,,
click-contrib/click-man,,a82192d6ff7cd38df2771d2b187cc674642bcff6,2022-07-01T12:00:19Z,,,,,,,,,change test command,,,,,
melizalab/quickspikes,,86552a0348b5a2898ad4d5d6110e4e0640ceca22,2022-06-30T16:03:23Z,,,,,,,,,add lint test,,,,,
alex-petrenko/sample-factory,,57c02ccbba323e0cc9b002324e3674a85478a3dd,2022-06-29T02:06:40Z,,,,,,,,,include removed files,,,,,
eric-wieser/numpy_ringbuffer,,f91a63bab38eabe4ea570c503b06e981b69dd5e5,2022-06-28T19:37:57Z,,,,,,,,,add extra deploy step,,,,,
jbarnoud/panedr,,84cec7707d86994e86197936884d3fbdd34b1ede,2022-06-20T16:29:14Z,,,,,,,,,,,,,,
mdanalysis/panedr,,84cec7707d86994e86197936884d3fbdd34b1ede,2022-06-20T16:29:14Z,,,,,,,,,miss deploy step,,,,,
philippotto/sublime-multieditutils,,6f11992ad8c1927cb03a949406a347e35163722e,2022-06-19T19:06:42Z,,,,,,,,,include removed files,,,,,
haddocking/pdb-tools,,a781b468f6c8ac43d43c9e3863244c464fad171d,2022-06-18T23:28:31Z,,,,,,,,,replace linux with mac and change test command,,,,,
gpodder/mygpoclient,,33b19630da11aa6d9b51853ece94605d1306ffc6,2022-06-18T20:05:51Z,1,,,,,,,,add extra step and include extra files,,,,,
open-craft/openedx-completion-aggregator,,f09b732dc2eace873c33f89ac286202c6c47c714,2022-06-17T14:12:40Z,1,,,,,,,,change exe order,,,,,
runfalk/spans,,a00f6234bbccdf08d4e9e047420c1033e2f1c7c2,2022-06-17T08:15:09Z,,,,,,,,,include removed files,,,,,
palmtree5/palmtree5-cogs,,e590652cb806557688024b0c4a634f6f9e4bd96e,2022-06-16T21:32:20Z,1,,,,,,,,miss cache step,,,,,
bcwaldon/warlock,,c21fe7a188274e9b10fa32b0f32d156f4a4460ef,2022-06-16T17:32:21Z,,,,,,,,,miss lint steps,,,,,
HumanSignal/labelImg,,62e0da68249dc1d67ada5793be55519a1121484d,2022-06-15T05:37:49Z,,,,,,,,,other language,,,,,
tzutalin/labelimg,,62e0da68249dc1d67ada5793be55519a1121484d,2022-06-15T05:37:49Z,,,,,,,,,,,,,,
heartexlabs/labelimg,,62e0da68249dc1d67ada5793be55519a1121484d,2022-06-15T05:37:49Z,,,,,,,,,,,,,,
ateliedocodigo/py-healthcheck,,8de69e5d13937e4e84a429d9038e3318274cefcb,2022-06-11T03:31:43Z,,,,,,,,,add extra os and miss deploy step,,,,,
databricks/databricks-cli,,dd0039f9cc6a4a98078d149c85b7393ffe9fd07a,2022-06-09T09:05:19Z,,,,,,,,,change test command,,,,,
applitools/eyes.sdk.python,,83e4c2b0399b8c98224d3fc97baa18aef12b2c05,2022-06-08T14:58:15Z,,,,,,,,,add extra os and include removed files,,,,,
libfuse/pyfuse3,,57fe1f2ebaa7096558a191c714a627a84096ea33,2022-06-07T20:30:33Z,,,,,,,,,include renamed file,,,,,
kplindegaard/smbus2,,1e18f45a6220d8c8cd21dfda9c80a45609f923ca,2022-06-04T14:05:05Z,,,,,,,,,change test command,,,,,
mobleylab/chemper,,2896044e53af2ae2ce5df289c5e0e7bc48af76a5,2022-05-31T12:23:24Z,,,,,,,,,change test command,,,,,
dldevinc/jinja2-simple-tags,,d6aabd6edf84a3de09f17353e5bc6cb9f8e324d7,2022-05-28T06:33:58Z,,,,,,,,,split into two files,,,,,
simonsobs/pspipe,,a5a7c2bde0e7f229ae15a31265f910d11a099624,2022-05-20T14:14:52Z,,,,,,,,,change test command,,,,,
city-of-helsinki/parkkihubi,,9d1249e8993f81165884d1832a2cd48814aaed04,2022-05-17T12:04:39Z,1,,,,,,,,miss cache,,,,,
heston/firebase-live-data,,4ddd73f80acea7cac24fd516f7d17ddf4f2bc1f1,2022-05-04T22:35:30Z,,,,,,,,,split into two files,,,,,
ptycho/ptypy,,fc3c293e22ad474e70e9b8d7ab3934b8b3591123,2022-05-04T16:44:55Z,,,,,,,,,miss coverall step,,,,,
django-parler/django-parler-rest,,88b2912a302c9be8d68cf53247c2589bd871c306,2022-05-04T11:49:14Z,,,,,,,,,split into two files,,,,,
alan-turing-institute/crop,,aacf055e71bb50a64951e4b30cb48ceff0d8ee83,2022-05-03T16:12:38Z,,,,,,,,,include removed files,,,,,
nautobot/pynautobot,,0d7a17c8d61b2a5a53b3f507580096f976e64448,2022-05-02T14:18:35Z,,,,,,,,,miss deploy step,,,,,
jsonzilla/vtt_to_srt3,,cf80b68d38c4e4e6938372580e22176486a71adc,2022-05-01T23:13:07Z,,,,,,,,,add extra lint test and miss deploy step,,,,,
amorvincitomnia/vtt-to-srt.py,,cf80b68d38c4e4e6938372580e22176486a71adc,2022-05-01T23:13:07Z,,,,,,,,,,,,,,
jsonzilla/vtt-to-srt.py,,cf80b68d38c4e4e6938372580e22176486a71adc,2022-05-01T23:13:07Z,,,,,,,,,,,,,,
nextstrain/ncov,,0c1ae05f17f5345f78c30a4a72f21cfc02c552d3,2022-04-28T20:29:24Z,,,,,,,,,usre extra actions,,,,,
discolabs/django-shopify-webhook,,244670f6dece4794c91f4165b4dd1ee850b38528,2022-04-28T15:27:39Z,,,,,,,,,,,,,,
mattpitkin/psrqpy,,33d2c23326ce2cc0f37203abe1764cce77dee78f,2022-04-27T22:09:44Z,,,,,,,,,add extra os,,,,,
curiouslearner/django-phone-verify,,4d6713793e7d7f8d2abd5c51cefd681943d2db00,2022-04-27T06:40:42Z,,,,,,,,,miss coveralls steps,,,,,
nchammas/flintrock,,6252116ba7bd4ea37751a208bb3332643300712e,2022-04-26T22:22:47Z,,,,,,,,,replace S3 artifact with actions,,,,,
ua-parser/uap-python,,4b1a06687201d226418a620f6d71bc1515ebf2cd,2022-04-26T18:25:03Z,,,,,,,,,change test command,,,,,
mtreinish/stestr,,f3d5d9984e05c8837c7b49a50bd65f98e0b8d858,2022-04-25T06:22:22Z,,,,,,,,,add extra os and include removed files,,,,,
alpha-unito/jupyter-workflow,,599b3ef034bc930770541e7bad4cb067876f0e10,2022-04-24T21:16:42Z,,,,,,,,,split into two files,,,,,
jcklie/wikimapper,,7f2648899d7a5fd04f073eebf08271c2ab0b86af,2022-04-21T08:28:12Z,,,,,,,,,add extra os and miss codecov step, ,,,,
mykrobe-tools/mykrobe,,e90317b8cfb7eb31fdd6b6a086a1d0bf3275f549,2022-04-20T14:34:35Z,,,,,,,,,add extra os and change test command,,,,,
raphaelm/defusedcsv,,30a579ec4c10efa8bf65f1e48389df8a9d33f196,2022-04-19T08:14:41Z,1,,,,,,,,split into two files,,,,,
c-h-david/rrr,,451b711daca9ad6d17c946fce75fce8a16931d7f,2022-04-15T20:30:13Z,,,,,,,,,other language,,,,,
standy66/purerpc,,62196dc659008d2c17bfa6d6f46022eeae796100,2022-04-15T11:05:41Z,,,,,,,,,,,,,,
python-trio/purerpc,,62196dc659008d2c17bfa6d6f46022eeae796100,2022-04-15T11:05:41Z,,,,,,,,,change test command,,,,,
jerrymakesjelly/autoremove-torrents,,b262c86440faef1e042850e4962661a2b6afb969,2022-04-15T09:20:19Z,,,,,,,,,change test command,,,,,
seancline/pythonsymbols,,e001d4720912ab868505c00daa05ddcf9534d3f1,2022-04-12T02:07:20Z,,,,,,,,,add extra command,,,,,
xonshiz/comic-dl,,6dbc3bcec4fc326a3af8a6502891f3856e6de36a,2022-04-10T08:03:37Z,,,,,,,,,split into four files,,,,,
lebrice/simpleparsing,,7fe6b14a3e801043abd5e5ffbd77faf0f8b14e18,2022-04-08T23:54:16Z,,,,,,,,,miss codecov step and change test command,,,,,
therenegadecoder/image-titler,,c19b4aef3752365c0c817609c3685b6fad78fb1b,2022-04-08T05:13:36Z,,,,,,,,,miss codecov step and change test command,,,,,
nocarryr/python-dispatch,,3057f07bc00f6ee8bc51ac4b10538431bb924a22,2022-04-04T19:57:27Z,,,,,,,,,miss deploy step,,,,,
sentinel-hub/sentinel2-cloud-detector,,af69ea2713752826bd0e139c1ce0e4b03dc90835,2022-04-04T12:31:35Z,,,,,,,,,add black test and change test command,,,,,
projectmesa/mesa-geo,,11498aed69448679ebb150118d0468c694a2edf3,2022-04-03T03:39:20Z,,,,,,,,,change exe order and add test step,,,,,
maxcountryman/flask-bcrypt,,73c36e035af33916d2201ab06eb35744821039ee,2022-04-01T20:34:58Z,,,,,,,,,,,,,,
fat-forensics/fat-forensics,,ad785b210603a07059f69dcd8050f12ded3443ec,2022-04-01T09:39:00Z,,,,,,,,,split into two files,,,,,
tarantool/tarantool-python,,fabed486687ede245957934bf8851073ecdc7f55,2022-03-31T08:37:04Z,,,,,,,,,change test command,,,,,
isilon/isilon_hadoop_tools,,4febcd8ce356302ba066d439db9d2c7b6a9c417d,2022-03-30T23:38:06Z,,,,,,,,,split into two files,,,,,
jimfunk/django-postgresql-netfields,,bf4f57dd15797b44c7550c74995711053e58500d,2022-03-26T23:09:13Z,1,,,,,,,,miss cache step,,,,,
wavefronthq/python-client,,4b5c97bda1077e057c9f828b5ed0b269266664db,2022-03-25T23:47:01Z,,,,,,,,,split into two files,,,,,
neuralensemble/elephant,,e97479bd76bb219a26bedebd19e018408ea78f81,2022-03-25T15:51:03Z,,,,,,,,,change test command,,,,,
agateblue/django-dynamic-preferences,,81e5851d83440fc98911fad52abbc721013c928f,2022-03-24T16:18:54Z,1,,,,,,,,miss cache,,,,,
click-contrib/click-configfile,,b95cdcaaa21a77591ee4d7b26f89f3fd74e45418,2022-03-20T14:56:10Z,,,,,,,,,add extra os and add upload step,,,,,
thrau/pymq,,60d72868ac91a15876d215da5ca3c50e0d09ca77,2022-03-12T23:58:07Z,,,,,,,,,change test command,,,,,
jakubplichta/grafana-dashboard-builder,,f41254e9c8eb229e35621c4e695d40b84658664d,2022-03-09T23:25:54Z,,,,,,,,,add extra coverall step,,,,,
esi-neuroscience/syncopy,,c40379d2d63a73e3e31f2ec9a281dc220b49950a,2022-03-09T13:25:57Z,,,,,,,,,change test command,,,,,
equinor/dlisio,,797655e01e659b36442825530af217175200a8a6,2022-03-09T11:11:23Z,,,,,,,,,split into four files,,,,,
cve-search/pycvesearch,,263409d42d32cd6767a37fa843b00d077e6e3369,2022-03-07T14:11:26Z,,,,,,,,,change test command,,,,,
behave/behave,,a4dd3fe99face2e0d6bfa5747ffde3a65f506d6a,2022-03-06T23:33:45Z,,,,,,,,,include removed files,,,,,
numpy/numpy,,382641507a48ac8fead6b4ae6725f3245505664a,2022-03-05T06:55:34Z,,,,,,,,,,,,,,
numberly/mongo-thingy,,65f3002a3466a04c7fee89825ce5c1826cc26106,2022-03-04T22:26:24Z,,,,,,,,,,,,,,
refty/mongo-thingy,,65f3002a3466a04c7fee89825ce5c1826cc26106,2022-03-04T22:26:24Z,,,,,,,,,miss lint test,,,,,
rovellipaolo/ninjadroid,,d2a0acbe8dd20da681aac5ca2b0ae1ccd49e821b,2022-02-28T16:24:57Z,,,,,,,,,miss docker step,,,,,
lukapecnik/niaaml,,6dd1461135dc1176024746ca9b34db8969ece647,2022-02-26T13:31:50Z,,,,,,,,,,,,,,
reahl/reahl,,3329c259909a51927e8b9b8cf42d2e9a1a5f9d7b,2022-02-24T13:51:27Z,,,,,,,,,,,,,,
python/the-knights-who-say-ni,,50351dfe36783029f22a33281175cbf7f77deeb8,2022-02-23T17:21:23Z,1,,,,,,,,change  exe order,,,,,
raphaelvallat/yasa,,11bb22a19179aa6c154b8ca5eab7e7c08e26b4ac,2022-02-20T17:51:44Z,,,,,,,,,add extra os,,,,,
joanbm/full-offline-backup-for-todoist,,e37685ba0a99f067cbbfdcce0d83ebef8194eb22,2022-02-20T12:45:22Z,1,,,,,,,,change coverall command,,,,,
bwohlberg/sporco,,081c51aef56dc7e9b166379fb8184768c05bd1e7,2022-02-17T20:42:50Z,,,,,,,,,split into two files,,,,,
heremaps/flatdata,,a28f97138f2faacf762f9907b93402301d0eccaf,2022-02-16T16:12:38Z,,,,,,,,,split into five files,,,,,
maykinmedia/django-timeline-logger,,6d8d1a6fa9b2f667e073f630877782387a237996,2022-02-15T15:36:22Z,,,,,,,,,split into two files,,,,,
exxamalte/python-georss-ingv-centro-nazionale-terremoti-client,,290f95c8d4954f7a6afc772a3eaf2d9633396607,2022-02-15T00:45:03Z,,,,,,,,,relpace coveralls with codecov,,,,,
socialpoint-labs/unity-yaml-parser,,79f98697b5d23119b7ef50724a586597ceb50931,2022-02-14T12:15:52Z,,,,,,,,,miss lint step,,,,,
nicolaslm/atoma,,24e1efb85d6fb2a405a590f7db2aba659b61a206,2022-02-13T17:12:10Z,,,,,,,,,add extra os and replace coveralls with codecov,,,,,
jcugat/django-custom-user,,50a16aff0a9cb43f451e43ff7b8300cadbeb0324,2022-02-12T14:32:13Z,,,,,,,,,miss coverage step,,,,,
viktorc/pararealml,,df6b6cfc2a0a4e60943b33ab10e67b07bad1ef29,2022-02-11T19:37:35Z,1,,,,,,,,,,,,,
myint/docformatter,,1229a848db2696d3ddeb1aeca1bcc0cfaad9b4e5,2022-02-11T04:15:23Z,,,,,,,,,,,,,,
pycqa/docformatter,,1229a848db2696d3ddeb1aeca1bcc0cfaad9b4e5,2022-02-11T04:15:23Z,1,,,,,,,,miss coveralls step,,,,,
kintyre/ksconf,,3aed9f9c89e3affe71144912b59526c3b2096c8a,2022-02-09T16:35:24Z,,,,,,,,,miss deploy step,,,,,
esa-vires/vires-python-client,,557bdf1c3320ee03189ec5ef9f23ba0016ea5d5b,2022-02-08T21:35:08Z,,,,,,,,,add extra os and change test command,,,,,
testing-cabal/systemfixtures,,e290b9d24dc58d2a036342ec238c02b05731d8c0,2022-02-05T23:51:37Z,,,,,,,,,miss coveralls step,,,,,
dhdaines/playa,,b84cfc98e0e48f8dbc5099a6aaa71a6fc7e52895,2022-02-02T21:24:32Z,,,,,,,,,change test command,,,,,
pdfminer/pdfminer.six,,b84cfc98e0e48f8dbc5099a6aaa71a6fc7e52895,2022-02-02T21:24:32Z,,,,,,,,,change test command,,,,,
thxo/cabrillo,,fbbe3aa4d4af0da87d484e9968836f498caa1a66,2022-02-02T19:38:53Z,1,,,,,,,,miss cache  ,,,,,
mihaiparvu/screencaplibrary,,b0e4f8b470e2ebf4a57cdd6316321798288c4ff7,2022-02-02T14:32:21Z,,,,,,,,,,,,,,
rticau/screencaplibrary,,b0e4f8b470e2ebf4a57cdd6316321798288c4ff7,2022-02-02T14:32:21Z,,,,,,,,,change test command,,,,,
box/box-python-sdk,,2db93b5692659bf9017f3ead394f137480d55290,2022-02-02T10:15:10Z,,,,,,,,,include removed files,,,,,
devopshq/crosspm,,c24b069636ed47399533478751542334f6c49bf7,2022-02-02T06:50:51Z,,,,,,,,,split into two files,,,,,
bee-keeper/django-invitations,,966b855afe797fd43c48c5123c50e624e25c4eed,2022-02-01T12:48:27Z,,,,,,,,,,,,,,
jazzband/django-invitations,,966b855afe797fd43c48c5123c50e624e25c4eed,2022-02-01T12:48:27Z,,,,,,,,,replace coveralls with codecov,,,,,
jazzband/wagtailmenus,,72782f1189eb7e9743d47c443851acaed67934d0,2022-01-31T18:45:03Z,,,,,,,,,miss deploy steps,,,,,
plasticuproject/nvd_api,,a4fd1f4ab236a658dfbd8145813b17bbba6b0fe9,2022-01-31T14:00:38Z,,,,,,,,,change test command,,,,,
aboucaud/pypher,,4704116fa2b444d8000c12ce276bbe597dfd17ca,2022-01-31T09:51:44Z,,,,,,,,,add extra os,,,,,
thejollysin/mazelib,,c48657cea230621d2076cb01b926d40e7cb7c5c2,2022-01-30T20:39:47Z,,,,,,,,,,,,,,
john-science/mazelib,,c48657cea230621d2076cb01b926d40e7cb7c5c2,2022-01-30T20:39:47Z,,,,,,,,,miss black test,,,,,
broadworks-ocip/broadworks_ocip,,86d993039eb74f73bcdbb3d3e33ca08078e1dc30,2022-01-29T20:10:53Z,,,,,,,,,split into several files,,,,,
testing-cabal/fixtures,,7d70a59b4b4d6305e6a0bf52be1d7e4e33b933a7,2022-01-28T16:00:20Z,,,,,,,,,add docs step and release step,,,,,
pic-iris/ph5,,0e60743c852bc76eded383f83b89298a5f94a6ff,2022-01-27T22:55:11Z,,,,,,,,,change exe order,,,,,
plasticuproject/hibpwned,,afb3223de44fb48b061b85b320009e6517b4cc7f,2022-01-27T22:29:12Z,,,,,,,,,split into two files,,,,,
st-bender/pynrlmsise00,,5e97791ec4faac4269616a0135dcac01b3919d34,2022-01-27T20:52:12Z,,,,,,,,,split into two files,,,,,
beatonma/django-wm,,0319e4f9ca4e972dbadc3ab9410cca99ce4f61ad,2022-01-27T14:49:04Z,,,,,,,,,include removed files,,,,,
jdongian/python-jamo,,d41266a49fa863f2a4865e706187fdc80956b095,2022-01-27T01:51:09Z,,,,,,,,,change test command,,,,,
randsleadershipslack/destalinator,,7bf739e8942f3933cb48768b7a6815a6164ded2e,2022-01-26T11:52:47Z,,,,,,,,,add coveralls steps and miss cache step,,,,,
gwpy/gwsumm,,bf7f1ea00883aad053b5c08bdd5f9b3660ce46c6,2022-01-24T23:06:22Z,,,,,,,,,add extra os and miss lint test,,,,,
aerospike/aerospike-client-python,,f30b45069a50d5a385c5a6be58e9ae726d338702,2022-01-24T20:08:17Z,,,,,,,,,include removed files,,,,,
manubot/manubot,,e2896f74e08cdb7b57e71d4ac7f1a11f7146b29b,2022-01-24T15:32:01Z,,,,,,,,,change test command,,,,,
cdown/srt,,24d8e57568fe00f06d66edc22a04518e3beb0b58,2022-01-24T02:07:34Z,,,,,,,,,change test command,,,,,
rcaloras/bashhub-client,,ca6932227ae6485bfb759839b6f3de65154307a9,2022-01-23T18:12:14Z,1,,,,,,,,change exe order,,,,,
metpx/sarracenia,,da4efc4f17d9f1a4af4dd2d62df75b3a36bc8f8e,2022-01-21T13:25:11Z,,,,,,,,,,,,,,
fitnr/censusgeocode,,7d4d5e6666f1a654bc7a0f4a01a17d44781c022d,2022-01-21T03:42:50Z,,,,,,,,,change test command,,,,,
censoredusername/unrpyc,,b620e71176e98c06bef0a6702c8d03e515a0939f,2022-01-21T02:41:09Z,,,,,,,,,miss delpoy step,,,,,
delgan/loguru,,e5ca8e4a69376a45e2bb70dd004213c0a7a9a03b,2022-01-20T10:52:19Z,,,,,,,,,add extra os,,,,,
ilabcode/pyhgf,,183b3df6454403e7d6b9f4544dc50683c0549aaf,2022-01-19T20:26:04Z,,,,,,,,,,,,,,
ComputationalPsychiatry/pyhgf,,183b3df6454403e7d6b9f4544dc50683c0549aaf,2022-01-19T20:26:04Z,,,,,,,,,split into two files,,,,,
django-cms/django-sekizai,,932db39f0f1928918bfec315bddd43b8f44909ec,2022-01-19T13:29:22Z,,,,,,,,,change test command,,,,,
grap/grap-odoo-incubator,,125e033df65bc81a9739a874c6ab296dfe73d336,2022-01-19T13:00:45Z,,,,,,,,,include removed files,,,,,
jazzband/django-recurrence,,0d681a4fd25af2a1acdd0a98df9360a7df43b801,2022-01-17T18:01:16Z,,,,,,,,,add coverage step and miss lint test,,,,,
opensourceeconomics/soepy,,e70a1813f011deea3fe9a84b4c71ba7518449ca0,2022-01-17T12:44:17Z,,,,,,,,,miss doc step ,,,,,
lbonn/i3-quickterm,,d94abd85f61344957664c870953630b9218170f9,2022-01-16T18:47:05Z,,,,,,,,,use extra actions,,,,,
painless-software/python-cli-test-helpers,,9e1b0717ccd76fceb300656ebc0e7f7563b57bdb,2022-01-16T03:12:25Z,,,,,,,,,split into three files,,,,,
tw4l/brunnhilde,,98882e842320fc77c58b67724f46e154b2917381,2022-01-14T23:16:06Z,1,,,,,,,,add cache step,,,,,
pycqa/flake8-pyi,,e8698ff9826b03f2f3363413e75d77c6a52d44db,2022-01-14T20:23:50Z,,,,,,,,,change test command,,,,,
nirs/pytest-threadleak,,6020e849bfbeb410bc57c12b53cdd2f16eaf635b,2022-01-14T19:06:35Z,,,,,,,,,add extra os and miss cache steps,,,,,
helix-datasets/helix,,c3f196a40b8f9abf18f05e22d8f0eab1289ccf3d,2022-01-13T16:44:00Z,,,,,,,,,split into three files,,,,,
flozz/img2gb,,2c156aaa17fb9c47f5ecd3c63b431ed0ad6b6fa7,2022-01-13T12:32:41Z,,,,,,,,,replace pytest with nox,,,,,
improbable-eng/perforce-buildkite-plugin,,fa763e1833d7306203a1483a9a3d3ec46842f55c,2022-01-12T16:08:38Z,,,,,,,,,miss os,,,,,
olllom/lettuce,,0825c87be17d2fae4bbb6e75a3e234efb31382a7,2022-01-12T13:46:33Z,,,,,,,,,,,,,,
lettucecfd/lettuce,,0825c87be17d2fae4bbb6e75a3e234efb31382a7,2022-01-12T13:46:33Z,,,,,,,,,change test command,,,,,
r4fek/django-cassandra-engine,,6af682a9dac5f0cbdf65ced6143a887c3c0af56b,2022-01-11T15:58:57Z,,,,,,,,,add lint test,,,,,
behave/behave-django,,68c6f118966661f861eb03ddeff183cfe40091f5,2022-01-09T16:11:19Z,,,,,,,,,split into three files,,,,,
takuti/flurs,,a932ac93c3c1a0b1ae4444434e475aba26eb60df,2022-01-09T05:48:14Z,,,,,,,,,change test command,,,,,
codelv/atom-db,,65b72ef6030ce930ca69ebe005d52cc706405014,2022-01-07T21:21:54Z,1,,,,,,,,change exe order,,,,,
ponty/easyprocess,,b07ac7dba6ee014a897cdeea39a13d019a35b9bd,2022-01-07T17:47:59Z,,,,,,,,,add flake8 test,,,,,
apamacommunity/apama-log-analyzer,,5f6e72ee300f36197e660af2bdd6117f31c687f7,2022-01-06T20:41:22Z,,,,,,,,,miss deploy step,,,,,
bluebrain/nexus-forge,,1f322d0c012b481f62ed5f56bd9686627947bd8b,2022-01-06T15:08:56Z,,,,,,,,,split into two files,,,,,
zhuyifei1999/guppy3,,f514471e1be5c122c4b39f5ff9d2346c53daf651,2022-01-06T14:31:06Z,,,,,,,,,include removed files,,,,,
sociomantic-tsunami/git-hub,,9666be395e3f202589b2a27562d8cccd6ba74a02,2022-01-06T10:01:38Z,,,,,,,,,change test command,,,,,
gouthambs/flask-blogging,,86fdef332c7c0deb6a593c76347f5c6352d94ccb,2022-01-04T10:33:39Z,1,,,,,,,,change test command,,,,,
