repo_name,,commit_sha,commit_date,new_sha,download,,commit_times,travis_lines,github_lines,delelt_lines,add_lines,1,2,3,4,5,6,,,,,,
ksdaemon/sails-hook-sequelize,,90b0a1294fdbf2abcf8e923fd10e02182204bdc1,2022-05-07T20:06:14Z,5b4fee08455d4892fea7a5fcc3ab6759c449eda3,,,12,,,,,set postgres config,fix syntas error,add shell set,change set command,remove shell set,change postgre,config postgre,config postgre,config postgre,config postgre,set postgre password,update version
ilterra/markdown-yaml-metadata-parser,,2df38763adcc8915df48557cc9400438e2ce784a,2024-12-09T14:34:14Z,405d20f34dfa9bb0c92b37af6455396cef463cb2,,,5,,,,,change npm install,rename workflow,add package-lock.json path,rename workflow,,,,,,,,
giuseppeg/postcss-pseudo-classes,,65c2c341c23bea0e8b6916f474b037a540c314db,2023-11-30T09:13:31Z,a332a7a93b7e78862f0f269a5ef5400952fdcab6,,,5,,,,,fix syntax bugs,fix node support,relpace yarn with npm,update node version,,,,,,,,
basti1302/repoman,,949d42920910901f65d12f75c061fe46a7a66163,2023-11-09T07:14:20Z,05b9014d8920794c2636af9331aec553cde5b05d,,,5,,,,,remove node 8,add node 15,update node version,change master to main,,,,,,,,
marceloucker/postcss-prefixer,,ef5ea4574e39e43c540973fd2f0d7d984141dfa0,2023-06-05T03:43:30Z,af7ae7ee0a9ec186180c24109b1fa8c9e84b5ea2,,,5,,,,,replace main with master,update node version,rename workflow,rename workflow,,,,,,,,
btargac/excel-parser-processor,,71d724365d598016c356a8c7355961a239e57d07,2022-02-13T22:30:37Z,db491ff4dc054f60d2ac6d1f369d2699829694b4,,,5,,,,,replace master with main,remove duplicate task,add GitHub token,change GitHub  Token,,,,,,,,
cloudinary/cloudinary_npm,,4cca2757782243945f63e8099e828ff2281503c5,2025-08-13T12:31:07Z,3244798d4c7e49556b45e34b378cdf592bdb2567,,,4,,,,,fix syntax bug,try support deprecated version,remove deprecated version,,,,,,,,,
evanshortiss/lintspaces-cli,,4970a5358f0d073fc23dc312adc8b64ef370f47a,2024-10-18T19:37:00Z,8061f9402b14580ea068ed16cf6f3066d10c76ab,,,4,,,,,fix coverage step,update coverage actions version,fix coverage bugs,,,,,,,,,
cozy/cozy-ui,,2e42c8cd3592c6b4012a6fd2a4e0d8120dd51102,2024-08-07T09:34:20Z,b17a74c48be15bb6300ea57fa5162431baca17df,,,4,,,,,add npm token,use uuid,change  persist credentials,,,,,,,,,
theforeman/npm2rpm,,e917d3181f829b4adba54c7fd7df1cea21002a39,2023-12-13T09:57:57Z,ab674578f555b78496dfd834900ff9c6c803f062,,,4,,,,,add intall step,update actions version,update actions version,,,,,,,,,
definitelytyped/definitelytyped.github.io,,c9782d49cf09b8c8f7e488994c0e154e06aab185,2022-10-29T04:43:22Z,d13334cb32f4971c0ada70c41765d9d922b92408,,,4,,,,,add trigger event,add trigger event,add GitHub token,,,,,,,,,
lupomontero/porch,,3201ba785a160c2e75548c576a9dd73c8b5a5af0,2022-03-07T16:05:09Z,47b9d183c0bd262c13b919b7e0897ebef3232206,,,4,,,,,remove node 10,add coverall step,add coverall token,,,,,,,,,
dominictobias/keshi,,e3aa7cc6d6d7dce00ce76000b99ed00f48b6f0bd,2025-01-16T13:39:38Z,acd5b0569ef4f5a9bf1c0cfaa8939b810b719684,,,3,,,,,config pnpm,config pnpm,,,,,,,,,,
axelpale/nudged,,c98e4cd1e58e535e12d5fb04e6ef5198d5ed8b9c,2024-10-23T22:06:00Z,ac0909877494449ad31fa5a31601ba4270c3c198,,,3,,,,,remove node 10,add node 10,,,,,,,,,,
mohlsen/check-engine,,ce3474c363f63d638a8ad1dcd21892b3072cc4d2,2024-09-18T02:26:52Z,2199b5eb78795376904cb80f30134cd42e374678,,,3,,,,,update node version,change trigger,,,,,,,,,,
cesiumgs/cesium-webpack-example,,75489052d3e61f6ec533881cf6a19954fc9ed33b,2023-10-19T20:25:46Z,df75444f22e876ab37c1edb171c003783b0f6c74,,,3,,,,,rename workflow,use matrix,,,,,,,,,,
postmanlabs/postman-code-generators,,8ed66dc62e076c9a89472606539246d879cea13d,2023-01-31T11:35:43Z,b27a159480cca1eb34a3a9a7c491fc01b37a706e,,,3,,,,,add trigger event,update node version,,,,,,,,,,
schema-inspector/schema-inspector,,d8e5a348c42319cb179e2e910a89d154bde59b75,2022-08-21T16:19:46Z,fe2ce0e63bdfb38c05fcbb73a9c71826da733187,,,3,,,,,replace npm run test with npm test,rename workflow,,,,,,,,,,
henry-luo/mark,,a80e49ba574ab5225a55000386be696ede936a62,2025-07-17T02:49:32Z,9c561f8ddfac08775e33ec8fc101f80a69a05255,,,2,12,,,,change package install,,,,,,,,,,,
evanshortiss/express-joi-validation,,82bed6c54e736e6e23e37ad981e44e65bed22062,2024-12-13T07:31:18Z,2c5f90957051bb37286ddf4302ecba2d9030b48a,,,2,,,,,remove node version,,,,,,,,,,,
shutterstock/rickshaw,,5043a877ee44efc6fcab6e6e676eae2c96aa255a,2024-11-19T23:11:53Z,5c215e4f8f27871e6c0a49ec992592464cb9333e,,,2,,,,,add GitHub Token,,,,,,,,,,,
meedan/check-web,,e61301196a3023d510fbe624d8d641d44c160673,2024-11-07T15:11:58Z,b9b18fd211fed881d40a4ae0e3d7451c9662f22e,,,2,,,,,fix migration bugs,,,,,,,,,,,
jeffbski/wait-on,,65455f5647f48858dd58a2eecce174735f26e497,2024-09-10T16:01:40Z,df619a92d2663319c2bc696c55d635b1458920a4,,,2,,,,,rename workflow,,,,,,,,,,,
rolodato/dotenv-safe,,6af894b9b15f8d9440fd5670f4b777ad39d434fa,2024-02-06T16:39:42Z,28ff5b1b026751ebdb55e274327b44c3b79e4171,,,2,,,,,remove deprecated Node,,,,,,,,,,,
mironov/react-redux-loading-bar,,5f64ca8f2e942acfcd31e75f991ff0638b54d54b,2023-12-27T05:18:47Z,7976bd38324e76ef51921ae3e6eb2721985608d2,,,2,,,,,use github coverall actions,,,,,,,,,,,
tbhesswebber/style-object-to-css-string,,69fd2244e4426674c4c41e7908e4c7b7be83a0f9,2023-11-09T16:20:35Z,8aa4d1c67688375d0bab0f898f98370f0001f4f3,,,2,,,,,add intall step,,,,,,,,,,,
ludofischer/metalsmith-gzip,,08d3089fdc113f7b36440c4a3c9a610b64b6a164,2023-10-01T14:19:41Z,3b83fb9e49590ae81d7d1ff4bf4aa1bc1784b34f,,,2,,,,,fix trigger bugs,,,,,,,,,,,
ortham/jed-gettext-parser,,71c3a3ce43ab018886120140a4073b0bc4a22926,2023-03-01T13:24:30Z,2f9adfbc6abe2bd3cbfbd1f59bd3ffcabcf9f7ad,,,2,,,,,fix some bugs,,,,,,,,,,,
apis-guru/asyncapi-directory,,45ddd4621ab875257511d9939e12116636e4323b,2023-02-17T15:58:59Z,3fc95643f1b0908030ada24757a747789e0eb80c,,,2,,,,,fix syntax errors,,,,,,,,,,,
davidchambers/doctest,,35795201fe473cb150a0be3ecd6b7c896325e41a,2023-02-13T06:26:58Z,bad13efe2440c53934f72eee07f57926b5117225,,,2,,,,,update node version,,,,,,,,,,,
ace-diff/ace-diff,,02965d25c3bf23106da1abe03689e23c5b809628,2022-12-07T16:49:50Z,9e2996a4c0e60cf0d329d8f9120bba1b56869bda,,,2,,,,,add deploy step,,,,,,,,,,,
grrr-amsterdam/host-redirect-microservice,,187010c2b1f939235d9bd573c52ff8e151703cef,2022-04-12T11:39:47Z,f0a40fa0b1e26e5dc6f4dcf5085eeae175b54d74,,,2,,,,,update actions version,,,,,,,,,,,
markets/suchtube,,52870171aed44e003ff2b4a0b7eb5bedcefa471e,2025-08-06T17:54:37Z,52870171aed44e003ff2b4a0b7eb5bedcefa471e,,,1,8,30,,,,,,,,,,,,,,
openseadragon/openseadragon,,0cea94e716ae691a32be739c1ec591c74ef46915,2025-05-10T07:07:22Z,0cea94e716ae691a32be739c1ec591c74ef46915,,,1,,,,,,,,,,,,,,,,
mikemcl/bignumber.js,,4bc8c79e4e28b6bbb4c9059148e1dad0bfbb77c1,2025-04-19T17:15:52Z,4bc8c79e4e28b6bbb4c9059148e1dad0bfbb77c1,,,1,,,,,,,,,,,,,,,,
sboudrias/class-extend,,386e1c38e671e292ea8b398828084fde8159e238,2025-01-10T22:16:31Z,386e1c38e671e292ea8b398828084fde8159e238,,,1,,,,,,,,,,,,,,,,
cozy/cozy-home,,9ac3bf2fa45e0c3344867058caeee35b38e39e41,2024-10-17T07:59:26Z,9ac3bf2fa45e0c3344867058caeee35b38e39e41,,,1,,,,,,,,,,,,,,,,
yads/nodemailer-express-handlebars,,2641fe6d5a4914888773dacfd09973c930b4995b,2024-09-11T20:35:13Z,2641fe6d5a4914888773dacfd09973c930b4995b,,,1,,,,,,,,,,,,,,,,
moll/node-mitm,,34552640de17820418671d9d74daedfbdfbb5596,2024-08-22T22:28:21Z,34552640de17820418671d9d74daedfbdfbb5596,,,1,,,,,,,,,,,,,,,,
mmalecki/spawn-command,,5b7ae067c8c37974465eb707bc34da3f2a9f4d70,2024-07-11T14:15:14Z,5b7ae067c8c37974465eb707bc34da3f2a9f4d70,,,1,,,,,,,,,,,,,,,,
micromatch/braces,,9994802f80402590cf3aa4b9d8c99c2702649795,2024-06-24T18:58:05Z,9994802f80402590cf3aa4b9d8c99c2702649795,,,1,,,,,,,,,,,,,,,,
callstack/eslint-config-callstack,,0fe2501a051ea945d55a3320c97ec90ef5b4043d,2024-06-10T12:55:08Z,0fe2501a051ea945d55a3320c97ec90ef5b4043d,,,1,,,,,,,,,,,,,,,,
jshttp/vary,,8c191791c3d1f4b05928741f5418048a306422e2,2024-05-14T16:47:09Z,8c191791c3d1f4b05928741f5418048a306422e2,,,1,,,,,,,,,,,,,,,,
expressjs/serve-index,,544279a0642a541f385a30d402374565bf6b147b,2024-05-14T16:28:45Z,544279a0642a541f385a30d402374565bf6b147b,,,1,,,,,,,,,,,,,,,,
rexxars/hyphenate-style-name,,5462d46776bcaa1ce09a79ffe7fce8a3873dae50,2024-05-14T14:43:46Z,5462d46776bcaa1ce09a79ffe7fce8a3873dae50,,,1,,,,,,,,,,,,,,,,
jshttp/on-headers,,621a0c2e8aa3460191d08b210af32d9aa525607f,2024-05-05T14:58:34Z,621a0c2e8aa3460191d08b210af32d9aa525607f,,,1,,,,,,,,,,,,,,,,
winkjs/wink-nlp,,d8108de60a4528d997ee849ed7d6f84c1bfb61d8,2024-03-18T14:32:42Z,d8108de60a4528d997ee849ed7d6f84c1bfb61d8,,,1,,,,,,,,,,,,,,,,
thlorenz/inline-source-map,,6f7aa70cbd2bc80763e5de8aae21b542a50f3854,2024-02-24T17:59:20Z,6f7aa70cbd2bc80763e5de8aae21b542a50f3854,,,1,,,,,,,,,,,,,,,,
pa11y/pa11y-ci,,ba40d6f20bf8b3290eca30012518ddc9d99b7215,2023-11-14T10:17:47Z,cda8b5abc501e1446b3791e7e642dbf4b11fabfa,,,1,,,,,,,,,,,,,,,,
unitech/pm2,,25d42cea59f6978e30f76c4695644438eca6cb6a,2023-10-06T04:05:05Z,25d42cea59f6978e30f76c4695644438eca6cb6a,,,1,,,,,,,,,,,,,,,,
pokemontrades/flairhq,,48028bda6791b605ac449cac05ac388a51819a19,2023-09-26T05:07:12Z,48028bda6791b605ac449cac05ac388a51819a19,,,1,,,,,,,,,,,,,,,,
ebay/arc,,816372db8586ffb8244d779cc4dcbb33991aeec6,2023-09-25T18:12:39Z,816372db8586ffb8244d779cc4dcbb33991aeec6,,,1,,,,,,,,,,,,,,,,
kerimdzhanov/dotenv-flow-webpack,,37cac109f93dc62a1be3713488938491cbdb9109,2023-09-16T01:32:17Z,48eb8c7453cef5d0ef0d1fff299d9a6270d3474d,,,1,,,,,,,,,,,,,,,,
mgol/npm-bump,,96caa383d19e45532529fc5e2851966771e19a66,2023-07-20T22:58:49Z,96caa383d19e45532529fc5e2851966771e19a66,,,1,,,,,,,,,,,,,,,,
mgol/jquery.classlist,,35d177b67d0525808e725f927b9bfdb65c12e090,2023-07-20T22:54:40Z,35d177b67d0525808e725f927b9bfdb65c12e090,,,1,,,,,,,,,,,,,,,,
jasonphillips/tinymce-word-paste-filter,,9831d97565ec7aef9135539a48382b64628c5f7c,2023-07-07T18:49:26Z,9831d97565ec7aef9135539a48382b64628c5f7c,,,1,,,,,,,,,,,,,,,,
badeball/karma-jsdom-launcher,,4374723785d12452a1fa6a02b5a4ffb1a719a3b7,2023-07-05T06:38:58Z,4374723785d12452a1fa6a02b5a4ffb1a719a3b7,,,1,,,,,,,,,,,,,,,,
polygonplanet/lzjs,,76c67f608d87cc514a1c67af15ba1ea8ed824298,2023-06-04T09:11:04Z,76c67f608d87cc514a1c67af15ba1ea8ed824298,,,1,,,,,,,,,,,,,,,,
pimm/mapsort,,f76a5b2f638a2c67f0150aef4b52ba187ae145d8,2023-05-25T08:54:08Z,f76a5b2f638a2c67f0150aef4b52ba187ae145d8,,,1,,,,,add coveralls steps,,,,,,,,,,,
recurly/react-recurly,,ef89d12df2f57d514d9e8a0ed3574015cda2cada,2023-04-27T17:51:53Z,ef89d12df2f57d514d9e8a0ed3574015cda2cada,,,1,,,,,,,,,,,,,,,,
damonoehlman/wildcard,,51a135973904211ac084fd81cf17ec06da9a328e,2023-04-24T13:51:03Z,51a135973904211ac084fd81cf17ec06da9a328e,,,1,,,,,,,,,,,,,,,,
xi/aria-api,,3aa28daa8f909b7199278c638b40e4d238a5c181,2023-04-20T11:09:35Z,3aa28daa8f909b7199278c638b40e4d238a5c181,,,1,,,,,,,,,,,,,,,,
cyrus-and/chrome-har-capturer,,2ecc4f89238612b6879afcc0d1389dce2dcbc0d7,2023-04-14T06:52:30Z,2ecc4f89238612b6879afcc0d1389dce2dcbc0d7,,,1,,,,,,,,,,,,,,,,
tekkamanendless/umactually,,f23b247ff137aeab30087353817a705a8662d158,2023-04-01T15:28:02Z,f23b247ff137aeab30087353817a705a8662d158,,,1,,,,,,,,,,,,,,,,
codemeta/codemeta-generator,,c661fa1644de4bf1dfe1d1af962db048e43d376b,2023-03-27T12:13:08Z,c661fa1644de4bf1dfe1d1af962db048e43d376b,,,1,,,,,,,,,,,,,,,,
pzuraq/ember-prop-modifier,,5641dd543ae605c35b6b3cdcb41c3d81c63caa56,2023-03-22T19:46:05Z,5641dd543ae605c35b6b3cdcb41c3d81c63caa56,,,1,,,,,,,,,,,,,,,,
tsitu/mh-tools,,dda44057ff356dd492f1e1e851579c2dea8bf6bf,2023-03-03T07:19:04Z,dda44057ff356dd492f1e1e851579c2dea8bf6bf,,,1,,,,,,,,,,,,,,,,
artiebits/svelte-seo,,22ee2fbda1587ed04f76596312023d84b5c6b85c,2023-02-25T20:20:37Z,,,,1,,,,,miss cache steps,,,,,,,,,,,
bjornstar/intercept-redirect,,193098bc201478a76ee4b8e3805c59df2be5a926,2023-02-17T03:53:47Z,193098bc201478a76ee4b8e3805c59df2be5a926,,,1,,,,,,,,,,,,,,,,
davidchambers/base64.js,,f4e79ae05132e86d68d9ae4f32f2afdfb68e3766,2023-02-09T11:05:30Z,f4e79ae05132e86d68d9ae4f32f2afdfb68e3766,,,1,,,,,,,,,,,,,,,,
kaelzhang/node-ignore,,b170696591d492a7760807bd7094437ce1b1fcda,2023-02-07T10:15:48Z,b170696591d492a7760807bd7094437ce1b1fcda,,,1,,,,,,,,,,,,,,,,
johansatge/jpeg-autorotate,,17e98a5522619fd21c76dbc1678760fa143013b3,2023-02-06T11:44:29Z,17e98a5522619fd21c76dbc1678760fa143013b3,,,1,,,,,add cache step,,,,,,,,,,,
teamsupercell/typings-for-css-modules-loader,,fae780fb42e098e41e7bf291aa70acfb81beec24,2023-01-22T23:34:06Z,1cfeb498af29943a26a36465d4eb88defbae91bb,,,1,,,,,,,,,,,,,,,,
jsdom/cssstyle,,29ae19b585bd8d2f400f84162548d30254e02e73,2023-01-22T10:17:44Z,29ae19b585bd8d2f400f84162548d30254e02e73,,,1,,,,,,,,,,,,,,,,
mihai-vlc/uglifyjs-folder,,25fb0db9d3b07699cba9aff09eeade8d9b53cbc3,2022-12-29T19:25:24Z,25fb0db9d3b07699cba9aff09eeade8d9b53cbc3,,,1,,,,,,,,,,,,,,,,
dubov94/vue-jwt-mongo,,fa46f6407d0ce66994a5f1dc09eece0ef1c5ac61,2022-12-28T04:29:18Z,fa46f6407d0ce66994a5f1dc09eece0ef1c5ac61,,,1,,,,,,,,,,,,,,,,
maptiler/tileserver-gl,,6e7c3eb3b354b5d40b52b09365ec2dd9a7537016,2022-12-08T06:15:12Z,6e7c3eb3b354b5d40b52b09365ec2dd9a7537016,,,1,,,,,,,,,,,,,,,,
jackub/diff-match-patch,,76691ae3aef8fe5caf7240a2cf4616446fd0caa0,2022-12-07T15:35:03Z,76691ae3aef8fe5caf7240a2cf4616446fd0caa0,,,1,,,,,,,,,,,,,,,,
sap/openui5-worklist-app,,45375c1d39785978bb0288ac09e3c6ebeaebba15,2022-11-03T06:17:10Z,45375c1d39785978bb0288ac09e3c6ebeaebba15,,,1,,,,,,,,,,,,,,,,
exodusmovement/redux-watch,,ca9cc443c051b9e4e2d048fb9bf74ae5abc62933,2022-10-27T17:21:36Z,ca9cc443c051b9e4e2d048fb9bf74ae5abc62933,,,1,,,,,,,,,,,,,,,,
ryanzim/universalify,,3cb31d3af8a26d37a8afae2f2ba6d4616abad719,2022-10-08T20:54:47Z,3cb31d3af8a26d37a8afae2f2ba6d4616abad719,,,1,,,,,,,,,,,,,,,,
jakezatecky/d3-funnel,,4610cf4c418921cb173e06e1230855bb030beb36,2022-09-13T15:12:00Z,4610cf4c418921cb173e06e1230855bb030beb36,,,1,,,,,,,,,,,,,,,,
jakezatecky/react-checkbox-tree,,b618d892c3a100eb237df71c3bc5016f776eb6a3,2022-09-13T14:57:52Z,b618d892c3a100eb237df71c3bc5016f776eb6a3,,,1,,,,,,,,,,,,,,,,
calipersjs/calipers,,b6cd2315e87e526b9ad9e97cc32323627910540c,2022-08-21T03:52:52Z,b6cd2315e87e526b9ad9e97cc32323627910540c,,,1,,,,,,,,,,,,,,,,
hughsk/flat,,ae6a750c222558c8f5a190d4c0b83263d11c51f0,2022-08-18T14:59:11Z,ae6a750c222558c8f5a190d4c0b83263d11c51f0,,,1,,,,,,,,,,,,,,,,
ua-parser/uap-core,,9b72be27d1c2556dcc1971c22a1568c527e51d6d,2022-08-03T20:16:44Z,9b72be27d1c2556dcc1971c22a1568c527e51d6d,,,1,,,,,,,,,,,,,,,,
picnicsupermarket/localicious,,9411ec818b1a3726c70a4198ecbd554670ea1442,2022-07-25T12:04:13Z,9411ec818b1a3726c70a4198ecbd554670ea1442,,,1,,,,,,,,,,,,,,,,
plotly/react-cytoscapejs,,29e6da07ac708573fdc703d7f5c636dfb515fd5d,2022-07-06T16:00:15Z,29e6da07ac708573fdc703d7f5c636dfb515fd5d,,,1,,,,,,,,,,,,,,,,
tcql/node-yesno,,7eb5d121f77646b56c663821939273e0e45869a8,2022-06-19T16:05:19Z,7eb5d121f77646b56c663821939273e0e45869a8,,,1,,,,,,,,,,,,,,,,
rexxars/registry-auth-token,,ad08a625189a18e23ec33e517dd98393806ccfb7,2022-06-16T12:42:10Z,ad08a625189a18e23ec33e517dd98393806ccfb7,,,1,,,,,,,,,,,,,,,,
watson/https-pem,,6bdf008609cc106c21711c75e71eaa1ea752b592,2022-05-30T11:31:04Z,6bdf008609cc106c21711c75e71eaa1ea752b592,,,1,,,,,,,,,,,,,,,,
pirxpilot/postcss-cli,,f546f0b9abd77f162f79a989a647717b31c6941e,2022-05-16T05:25:29Z,f546f0b9abd77f162f79a989a647717b31c6941e,,,1,,,,,,,,,,,,,,,,
pirxpilot/connect-gzip-static,,7af98453c8acaf03f6338ca86193af8582d18bfd,2022-05-14T05:51:13Z,7af98453c8acaf03f6338ca86193af8582d18bfd,,,1,,,,,,,,,,,,,,,,
nextstrain/nextstrain.org,,1d4439cd8f1bbd77d04dbf5f55e30ddca9f67869,2022-04-28T20:44:38Z,2ad1adde53871df02c9a6d61015a69fb4312d191,,,1,,,,,,,,,,,,,,,,
bbc/lrud,,013c3038e4c051b6f0cc423c6c060af76f0f3ce4,2022-04-26T10:23:47Z,cee46d51983adbb27b32c4935aef7af8c4e202e1,,,1,,,,,,,,,,,,,,,,
bendrucker/document-ready,,5732400b5cce269c3884c42b224c9cbcc28682ba,2022-04-21T18:02:39Z,5732400b5cce269c3884c42b224c9cbcc28682ba,,,1,,,,,,,,,,,,,,,,
maasglobal/io-ts-from-json-schema,,4747d96d7d21bee58116e163b703652b574ee24b,2022-04-20T13:04:21Z,4747d96d7d21bee58116e163b703652b574ee24b,,,1,,,,,,,,,,,,,,,,
fnogatz/transportation,,6921ab84e94b58dc1c851799f9b3df24b49a00d9,2022-04-13T08:58:13Z,6921ab84e94b58dc1c851799f9b3df24b49a00d9,,,1,,,,,,,,,,,,,,,,
ssbc/multiblob,,8e6bf4f32ed0c34170229c972394221100a273dc,2022-03-02T15:18:47Z,8e6bf4f32ed0c34170229c972394221100a273dc,,,1,,,,,,,,,,,,,,,,
rovellipaolo/gnome-shell-extension-sermon,,f59ef64dd488d6f175108d75a281f08cbdb73b5b,2022-02-28T16:34:18Z,f59ef64dd488d6f175108d75a281f08cbdb73b5b,,,1,,,,,,,,,,,,,,,,
sonyseng/json-caching-proxy,,4f490128ff29f3fa8140fc21af64e3074820df16,2022-02-27T01:06:38Z,4f490128ff29f3fa8140fc21af64e3074820df16,,,1,,,,,,,,,,,,,,,,
haykam821/shortcutspreview,,fcdeab4b3c634e72dd8a1ff336da5a3707c9f886,2022-02-26T23:42:03Z,fcdeab4b3c634e72dd8a1ff336da5a3707c9f886,,,1,,,,,,,,,,,,,,,,
cqframework/cql-execution,,4e1c56a05e4b3ae06983fbb5eb7b32ab6a2287d6,2022-02-21T18:34:56Z,4e1c56a05e4b3ae06983fbb5eb7b32ab6a2287d6,,,1,,,,,,,,,,,,,,,,
mansona/express-autoroute-json,,f4b2103524e6fe93bd82699849ddd57dbff387f6,2022-02-17T21:23:22Z,f4b2103524e6fe93bd82699849ddd57dbff387f6,,,1,,,,,,,,,,,,,,,,
modernizr/grunt-modernizr,,60db8b2af969f2b79ef1c41ef3eaaed4e8433d01,2022-02-15T13:37:24Z,60db8b2af969f2b79ef1c41ef3eaaed4e8433d01,,,1,,,,,,,,,,,,,,,,
tobie/pr-preview,,53dc554544abd3ca38da5bcd532be8a0bdd1a6f9,2022-02-12T09:18:46Z,53dc554544abd3ca38da5bcd532be8a0bdd1a6f9,,,1,,,,,,,,,,,,,,,,
ninetwozero/gradle-to-js,,2e54594928e50fc151d33e2051408c2abc39c62e,2022-02-03T19:47:22Z,2e54594928e50fc151d33e2051408c2abc39c62e,,,1,,,,,,,,,,,,,,,,
mreinstein/node-gearman,,fcfe4344ea552a4971cef8027333ce6793bed2b7,2022-01-15T05:06:46Z,fcfe4344ea552a4971cef8027333ce6793bed2b7,,,1,,,,,,,,,,,,,,,,
alphagov/govuk-country-and-territory-autocomplete,,d6fdea2c2a6f203fc88788ee5c33c67c24953e0c,2022-01-11T10:57:15Z,d6fdea2c2a6f203fc88788ee5c33c67c24953e0c,,,1,,,,,,,,,,,,,,,,
ralphtheninja/mqtt-match,,79d2951049c18810258be46c8a6d61a0dfabb8a7,2022-01-11T10:44:25Z,79d2951049c18810258be46c8a6d61a0dfabb8a7,,,1,,,,,,,,,,,,,,,,
shime/play-sound,,e6be529551fd7cad3424bec4430a5914a57b4b08,2022-01-03T21:21:30Z,,,,,,,,,add extra os,,,,,,,,,,,
bdukes/grunt-xmlpoke,,1ab621e428220150b61ea7d84c34b7083e2c9218,2024-07-23T15:38:32Z,,,,,,,,,miss update steps,,,,,,,,,,,
ant-media/streamapp,,ea0fdeedeb1111dc66a3da605e2dfe5a77b42254,2025-05-04T06:01:03Z,,,,,,,,,java language,,,,,,,,,,,
winkjs/wink-naive-bayes-text-classifier,,52a26f8d6b72cc3f66774c6d3c74220d616cf3cb,2023-10-14T17:22:59Z,,,,,,,,,replace coverage with coveralls,,,,,,,,,,,
cypress-io/commit-info,,88cfb43437854d2eb1494c82c213911646b8c8c4,2023-04-03T17:27:57Z,,,,,,,,,miss cache steps,,,,,,,,,,,
bfirsh/jsnes-web,,75d63342595e2384945f952b9b045decc97b8d26,2025-07-26T21:28:31Z,1,,,,,,,,add build steps,,,,,,,,,,,
gregl83/monotonic-id,,d3671cd4a73a4b6e32ed9b89d0f98812f39132c6,2025-04-28T18:05:15Z,1,,,,,,,,add publish steps and replace coveralls with codecov,,,,,,,,,,,
jameshy/pgdump-aws-lambda,,f8a11603e9a5c09e4f704824c9c3e643e5a8bf7c,2024-07-12T14:53:28Z,,,,,,,,,miss coveralls steps,,,,,,,,,,,
amkirwan/ember-oauth2,,e47ab2be1522242c34e790cccb0987bc084721e3,2023-12-29T02:40:16Z,,,,,,,,,miss cache steps,,,,,,,,,,,
ikatyang-collab/linguist-languages,,32544fa80b284b62f759de092d73afbfb4a87863,2023-07-08T10:28:19Z,,,,,,,,,split into two files,,,,,,,,,,,
json-logic/json-logic-engine,,c795d05cb2c5a1b31c05d163ce46b7cf6743c25a,2023-04-03T20:15:19Z,,,,,,,,,replace coverage with coveralls,,,,,,,,,,,
sakai-to/node-red-contrib-spreadsheet-in,,6cebe08afa2753a6d14180d76b2f467d941a5013,2023-02-19T13:28:38Z,,,,,,,,,add extra versions,,,,,,,,,,,
terkelg/prompts,,7c167091b852ed68bd7fa77c71fc50022200f61d,2022-12-27T09:50:26Z,,,,,,,,,miss build steps,,,,,,,,,,,
adobe/sizewatcher,,34ae54d673987b2db9f63fa6fb4f9a2f053c3530,2022-04-28T23:08:24Z,,,,,,,,,replace coverage with coveralls,,,,,,,,,,,
nevon/express-physical,,4207e75e11b67d38ae3a49990b2c6ea32c745441,2022-03-11T08:06:08Z,,,,,,,,,split into twe files,,,,,,,,,,,
ChiragPritme/malware,,184e2612d7f9081f3536b2cc0b4a606f92427772,2033-12-21T01:39:14Z,,,,,,,,,add extra os and change test command,,,,,,,,,,,
alicelabs/alicemq,,85a2fc0353cbef596db93e4cb217f41afd2bad22,2025-11-15T03:02:32Z,,,,,,,,,change test command,,,,,,,,,,,
feathersjs-ecosystem/feathers-elasticsearch,,cc37ef98659275ecd1a1540e38703048bc44971e,2025-11-08T00:05:30Z,,,,,,,,,,,,,,,,,,,,
misund/hex-to-rgba,,cb274cb385b285d7b157ea08e4ff8fca41bc5d37,2025-10-14T22:25:15Z,1,,,,,,,,,,,,,,,,,,,
tonpc64/vue-spinkit,,d0087ecdac31702cb1973e2461c4de1e14a5f878,2025-09-28T09:30:59Z,,,,,,,,,miss deploy steps,,,,,,,,,,,
metowolf/metingjs,,5c3359db6d6d9f66df91997468b6e8e8e4337bc5,2025-09-23T06:48:11Z,1,,,,,,,,add lint and build steps,,,,,,,,,,,
leodutra/simpleflakes,,cbeffa0af6ea7d1704d249ba4e61a1913c8b5fc5,2025-09-07T04:05:59Z,,,,,,,,,split into two files and add extra test,,,,,,,,,,,
docdyhr/mcp-wordpress,,6e859cb9f19a9e7ff39983f7dd657d091af3c79d,2025-08-16T10:15:55Z,,,,,,,,,,,,,,,,,,,,
bywatersolutions/dev-koha-plugin-kitchen-sink,,47cd42a66dc9e14621dfc1c897bc538aac2f290a,2025-08-14T18:26:15Z,,,,,,,,,,,,,,,,,,,,
emilbayes/nanoassert,,9d82c35251e87727f6b6591aa94619c563d1a4f6,2025-06-28T13:36:27Z,,,,,,,,,miss deploy steps,,,,,,,,,,,
ateliee/jquery.schedule,,b358638b5d2ca582d4fe2e0bce040a998590c8c7,2025-06-20T05:23:50Z,,,,,,,,,split into two files,,,,,,,,,,,
sboudrias/run-async,,61c564eff75ac06b0a8f48346bab835dced3c9fe,2025-06-19T18:51:41Z,61c564eff75ac06b0a8f48346bab835dced3c9fe,,,,,,,,,,,,,,,,,,,
danpaz/bodybuilder,,b18f3099325e5bffd1c623452aed0d4081a87848,2025-06-07T15:02:15Z,,,,,,,,,miss deploy steps,,,,,,,,,,,
zotero/zotero-connectors,,e2a91ba00d0048f53c81a057ce6637f328a403b3,2025-05-14T12:13:21Z,,,,,,,,,include removed files,,,,,,,,,,,
redhatinsights/vulnerability-ui,,a2eddb7ca2d811b32d718ee9fc1c0bd2229fd032,2025-05-07T12:21:16Z,,,,,,,,,,,,,,,,,,,,
cliffano/nestor,,48150cf51e366f607ee7beb1f257ba71c44e276e,2025-05-06T13:04:15Z,,,,,,,,,,,,,,,,,,,,
RedHatInsights/insights-advisor-frontend,,91dfbc3e92b31d78b85338abaf3f2a251df90008,2025-05-05T14:07:01Z,,,,,,,,,add deploy and lint steps,,,,,,,,,,,
RedHatInsights/compliance-frontend,,43d058bc1a776b758b0d405d5c22f301f70bccd2,2025-05-05T11:40:17Z,,,,,,,,,change test command,,,,,,,,,,,
efforg/privacybadger,,bb8e509fe0fbc95b74bd72861ccc91b8f13131c3,2025-04-10T21:17:39Z,,,,,,,,,include renamed files,,,,,,,,,,,
runarberg/markdown-it-math,,2c96a69a4acbe7eb71ff40cc002c8e5900cba246,2025-03-05T18:44:37Z,,,,,,,,,change test command,,,,,,,,,,,
cerebral/cerebral,,1988298b317644d6771890eea945f431a643be90,2025-02-27T00:39:14Z,,,,,,,,,split into two files,,,,,,,,,,,
jesse-ai/jesse,,1ce8450e1b605c3510a4f543ea5e9800ad7835b3,2025-02-12T14:54:52Z,,,,,,,,,change test command,,,,,,,,,,,
eggjs/egg-redis,,b99cb9695ff9f5ed48b89b89c4e2311dffaa00f1,2025-01-19T12:30:36Z,,,,,,,,,,,,,,,,,,,,
yeoman/doctor,,f63b7834ac3353b89ccdfcb07dfc906249807c05,2025-01-18T20:29:58Z,,,,,,,,,add extra os,,,,,,,,,,,
yeoman/yeoman-welcome,,25e45e2a85f05e7bbe511833afac72c2e5226062,2025-01-18T18:34:10Z,,,,,,,,,add extra os,,,,,,,,,,,
ajwann/svg-loaders-react,,6c9c0f3e411130c7a523fa9f58db3a19cf0b8faa,2024-12-22T16:01:40Z,,,,,,,,,miss lint steps,,,,,,,,,,,
ember-learn/ember-cli-addon-docs,,bdd2afe2380246d52bd2ae97337fc603cc0df42f,2024-12-05T19:38:41Z,,,,,,,,,,,,,,,,,,,,
cozy/cozy-contacts,,5730b1dd8807aae2bc40f1b27df2aff109ef213a,2024-10-16T14:24:34Z,,,,,,,,,include removed files,,,,,,,,,,,
cozy/cozy-banks,,b05a73564281024b0e7eeb5bbb5bd834c0a8cdab,2024-10-16T13:16:09Z,,,,,,,,,,,,,,,,,,,,
cozy/cozy-drive,,fbe2df67199683b23a40f476ccdacb00ee027459,2024-10-15T15:00:28Z,,,,,,,,,,,,,,,,,,,,
linagora/twake-drive,,fbe2df67199683b23a40f476ccdacb00ee027459,2024-10-15T15:00:28Z,,,,,,,,,include removed files,,,,,,,,,,,
mapbox/earcut,,e9f6508fa07e5661ae774b8377c3e3a0aa5f0bd6,2024-06-27T09:43:58Z,,,,,,,,,miss coveralls steps,,,,,,,,,,,
mapbox/delaunator,,de972559a0e5213757e1f06541838a2e70717710,2024-06-26T10:16:11Z,,,,,,,,,add extra steps,,,,,,,,,,,
mapbox/supercluster,,1bdd55f7e34b4f9f48f42fc5ebdba24d64c0c504,2024-06-25T08:29:52Z,,,,,,,,,,,,,,,,,,,,
freenet/web,,9d9b23290fb05517568d5416e7243c768d367f34,2024-06-12T21:22:57Z,,,,,,,,,,,,,,,,,,,,
yelp/lemon-reset,,011309164a5f96f47926e7fe3b59b09a484d60d9,2024-04-29T18:58:43Z,,,,,,,,,miss cache,,,,,,,,,,,
jshttp/methods,,363a03a9958870132c05ee5945273ffb40d381dd,2024-04-29T07:39:42Z,,,,,,,,,,,,,,,,,,,,
jshttp/etag,,df84d3b0a4bccfd7fa2ea7b24dc8357a9f1246da,2024-04-29T07:13:33Z,,,,,,,,,,,,,,,,,,,,
revelrylabs/harmonium,,41b73723e818bee8c6bf1db26fb5fd73418be9c9,2024-04-08T15:19:14Z,,,,,,,,,split into two files,,,,,,,,,,,
pa11y/pa11y-dashboard,,e76dccef77838c13c5b5cf965e530f1045908d19,2024-03-13T05:48:58Z,,,,,,,,,add lint test steps,,,,,,,,,,,
crypto-browserify/parse-asn1,,fdbdda5eeeaec0aeb8a740fa49deb449a47390ab,2024-03-05T07:22:34Z,,,,,,,,,,,,,,,,,,,,
browserify/parse-asn1,,fdbdda5eeeaec0aeb8a740fa49deb449a47390ab,2024-03-05T07:22:34Z,,,,,,,,,add extra actions,,,,,,,,,,,
rob--w/proxy-from-env,,095d1c26902f37a12e22bea1b8c6b67bf13fe8cd,2024-03-04T00:12:25Z,,,,,,,,,change test order,,,,,,,,,,,
knex/knex,,a58208cd0d6bb0f74d8ca2f2a05eb86ff7fa74ca,2024-03-02T20:16:47Z,,,,,,,,,,,,,,,,,,,,
podstation/podstation,,eb69676d29f6a33277b37cd6a602e57aafb7dde3,2024-02-13T23:03:41Z,,,,,,,,,include removed files,,,,,,,,,,,
SimenB/stylint-stylish,,0ed8865c32a80faca18de6c68eeafa315f73e5cf,2024-02-13T09:49:25Z,,,,,,,,,change test command,,,,,,,,,,,
puleos/object-hash,,33a787799ccf17f0aad633feb3759e0164374aba,2024-02-10T23:16:36Z,,,,,,,,,miss coveralls steps,,,,,,,,,,,
mourner/bullshit.js,,d0176625f6bb1d709d10cc68e496e95b1fe47f3d,2024-02-09T10:42:47Z,,,,,,,,,add extra steps,,,,,,,,,,,
ljharb/prop-types-exact,,1ac4d153f4095564c883c264defd06101e7fca1a,2024-02-07T22:30:07Z,,,,,,,,,,,,,,,,,,,,
thehyve/fairspace,,eeaf8f523b9d6363f54b5387ca4aa3a83d620431,2024-01-25T11:13:41Z,,,,,,,,,include removed files,,,,,,,,,,,
galooshi/import-js,,2f396bca265ddd76deeda0ca0dd0fe07621d00a5,2024-01-18T11:53:06Z,,,,,,,,,change used script file,,,,,,,,,,,
pmowrer/semantic-release-monorepo,,d63fafdc3834ceb69c137d1c9c5e07b92a03ea0d,2024-01-17T13:21:16Z,,,,,,,,,split into three files,,,,,,,,,,,
pmowrer/semantic-release-plugin-decorators,,759d02dc15438f895ced9dd9373f559dc2cc95cd,2024-01-16T20:49:01Z,,,,,,,,,,,,,,,,,,,,
pmowrer/semantic-release-github-pr,,b5717240f0f32a6dd80077c16f3b73ede2069de6,2024-01-16T19:00:32Z,,,,,,,,,,,,,,,,,,,,
adrieankhisbe/bundle-phobia-cli,,1a8d9ad5cf864ec26f6b0366e634e5a40620e7a7,2024-01-02T20:47:43Z,,,,,,,,,miss lint steps,,,,,,,,,,,
SvenKirschbaum/react-stomp-hooks,,36ebd3dbc39ed77a6aca5a7668f2c9f89d98c236,2023-12-29T03:59:12Z,,,,,,,,,split into two files,,,,,,,,,,,
koajs/multer,,e50ebfc54374866e82ea2c216a9a865bccb8e506,2023-12-15T19:30:33Z,,,,,,,,,lack coverall step,,,,,,,,,,,
moll/js-undersign,,b9bf8e02d906204294ac04c718da84ecade00f4e,2023-11-10T12:39:08Z,,,,,,,,,change test command,,,,,,,,,,,
pa11y/pa11y-webservice,,59bf0f9021a3cbb42c409f71381a96becf2b77c5,2023-11-07T23:32:34Z,,,,,,,,,,,,,,,,,,,,
es-shims/regexp.escape,,a16646be743a2b9c126507e8b335a2e856ffbd5c,2023-10-19T17:43:52Z,,,,,,,,,include  removed files,,,,,,,,,,,
springernature/boomcatch,,f3fb231045d5513ad2dbef166afeb4a8fd8dc43c,2023-10-16T12:57:05Z,,,,,,,,,add lint test,,,,,,,,,,,
wikimedia/eventgate,,8e57a3840af34cfe854e3cb324c06f3708bdc341,2023-10-05T16:02:13Z,,,,,,,,,miss coverall step,,,,,,,,,,,
jj/hoborg,,bc77c14cc096fceef8625cb45e9996888b8cf440,2023-10-03T07:56:25Z,,,,,,,,,,,,,,,,,,,,
cesiumgs/gltf-pipeline,,b1bedc203352f6f8201a4e418368ff11c806604f,2023-09-19T23:32:02Z,,,,,,,,,miss coverall steps,,,,,,,,,,,
cesiumgs/obj2gltf,,9a07a65cd057fb4dd6f55d15c335f04e8f2a4d8c,2023-09-19T23:22:32Z,,,,,,,,,miss coverall steps,,,,,,,,,,,
ajjackgis/cesium,,cda6cbe2ca1292c8e68677a6b6ac34e5a8b4faa0,2023-09-19T20:04:38Z,,,,,,,,,,,,,,,,,,,,
cesiumgs/cesium,,cda6cbe2ca1292c8e68677a6b6ac34e5a8b4faa0,2023-09-19T20:04:38Z,,,,,,,,,include removed files,,,,,,,,,,,
crypto-browserify/browserify-sign,,d845d855def38e2085d5a21e447a48300f99fa60,2023-09-18T18:33:10Z,,,,,,,,,include removed files,,,,,,,,,,,
browserify/browserify-sign,,d845d855def38e2085d5a21e447a48300f99fa60,2023-09-18T18:33:10Z,,,,,,,,,,,,,,,,,,,,
browserify/commonjs-assert,,c628adcf35900c423ae2c14914eab133cfe9f2ad,2023-09-07T19:01:45Z,,,,,,,,,,,,,,,,,,,,
arb/celebrate,,291908a528fe0aa912630389f5d6517fc3cc6206,2023-09-04T15:27:33Z,,,,,,,,,miss codecov step,,,,,,,,,,,
zen-audio-player/zen-audio-player.github.io,,c9e1c0f2c8e09a933313ce443d3aef59ac97e784,2023-08-28T09:02:12Z,,,,,,,,,miss after success steps,,,,,,,,,,,
icapps/flutter-template,,b294bbf0626151dd836f338b9b1f89cdb502805d,2023-08-16T10:35:49Z,,,,,,,,,a series tools,,,,,,,,,,,
hubotio/hubot-redis-brain,,aeed4ea7b503a65e98bd704d0304e2ba2a13ec24,2023-07-23T17:57:29Z,,,,,,,,,add extras steps,,,,,,,,,,,
metarhia/eslint-config-metarhia,,9dc11cc9e814034f7d5687bb3d5712d9397b9db8,2023-07-06T15:51:42Z,,,,,,,,,add other os,,,,,,,,,,,
prebuild/prebuild,,35c1cb6d2b8bb5458a30daec123a57f986a28b3c,2023-07-05T13:24:30Z,,,,,,,,,add other os,,,,,,,,,,,
dfahlander/dexie.js,,e65cea2ffce80ea6bbc2e59f23104b720355a4fb,2023-06-18T20:08:13Z,,,,,,,,,,,,,,,,,,,,
polygonplanet/encoding.js,,8c4612e7f25d6b58beb28e9f0e36f43347aeab11,2023-06-07T07:59:26Z,,,,,,,,,add other os,,,,,,,,,,,
polygonplanet/lzbase62,,bfb0400ab8e11a226f531ab79060ec299d0d61d0,2023-06-06T07:32:30Z,,,,,,,,,change test command,,,,,,,,,,,
sunspot/sunspot,,1ddf6d8786c1f006fac6b2d79c00a1ce3d0ab4cc,2023-06-01T16:34:02Z,,,,,,,,,include removed files,,,,,,,,,,,
kaltura/playkit-js-dash,,73343bc8d49675a29d755faa46ef51ea89142cc4,2023-05-14T13:43:22Z,,,,,,,,,use extra scripts,,,,,,,,,,,
wanadev/obsidian-api,,c20ae1611036861593bdf88465950ba2e1e2aeba,2023-05-12T08:58:57Z,,,,,,,,,change test command,,,,,,,,,,,
recurly/recurly-js,,2046c4ce418bd3b27f45293a1724b38a0bfd7314,2023-05-02T23:24:37Z,,,,,,,,,include other removed sripts,,,,,,,,,,,
mathiasbynens/string.fromcodepoint,,8f2a411beeb7565bdf4b6a9bde51a2c584fdd5aa,2023-05-02T19:58:21Z,,,,,,,,,include other removed sripts,,,,,,,,,,,
mourner/kdbush,,1cb6a6e283fc1532b883853ef4cc0cbf828beebc,2023-04-20T18:44:19Z,,,,,,,,,add build step,,,,,,,,,,,
cyrus-and/chrome-remote-interface,,21e01d690027b088d2b05a054eedd7aeff5fd865,2023-04-13T22:09:12Z,1,,,,,,,,,,,,,,,,,,,
totaltechgeek/json-logic-engine,,c795d05cb2c5a1b31c05d163ce46b7cf6743c25a,2023-04-03T20:15:19Z,,,,,,,,,,,,,,,,,,,,
ljharb/istanbul-merge,,29b28a14ede33a7cc3313abcc3ec1427c67886cf,2023-03-28T21:11:51Z,,,,,,,,,indlude removed flies,,,,,,,,,,,
betterment/test_track_js_client,,378c7d05c6aa51fbe3d2b92b5ba4909373ac9107,2023-03-13T16:41:08Z,,,,,,,,,add extra command,,,,,,,,,,,
duckduckgo/duckduckgo-privacy-extension,,1ac0454cc4b18cd49d70b6f6e957f8379fcd06f0,2023-03-08T20:46:31Z,,,,,,,,,change test command,,,,,,,,,,,
tshemsedinov/node-mysql-utilities,,17102d6089eb84a3116a7a646628b3a155060786,2023-02-24T21:55:09Z,,,,,,,,,add extra os,,,,,,,,,,,
gkozlenko/sequelize-tokenify,,8492d922ceb3d2b8a2fc869dc39715d5242b2f65,2023-02-18T10:36:39Z,,,,,,,,,add extra step,,,,,,,,,,,
notus-sh/cocooned,,fc3a21b6c2c2205a42f471dbe63436022bcba2a3,2023-02-12T21:17:14Z,,,,,,,,,ruby language,,,,,,,,,,,
esri/esri-leaflet-geocoder,,40405dc4795274c33ebeabc6d1e421e88e2fd347,2023-02-09T19:31:15Z,,,,,,,,,add extra steps,,,,,,,,,,,
esri/esri-leaflet-cluster,,8fb7c148f11de4d914d6f084b9b65e32d7910330,2023-02-09T15:51:00Z,,,,,,,,,add extra steps,,,,,,,,,,,
madhums/node-express-mongoose-demo,,814e47bbabba35330d49ef7bfc866456fe853950,2023-01-31T09:21:28Z,,,,,,,,,config MongoDB,,,,,,,,,,,
realspeaker/telegraf-session-local,,27ceabb4be6c3d7851471651122256604d518349,2023-01-29T03:15:34Z,,,,,,,,,include changed files,,,,,,,,,,,
pschlan/cron-job.org,,1cfeb498af29943a26a36465d4eb88defbae91bb,2023-01-23T09:51:43Z,,,,,,,,,change test command,,,,,,,,,,,
moment/momentjs.com,,3860b9739f7272765fb632015fd29acc2f66f6ce,2023-01-07T05:26:53Z,,,,,,,,,include removed files,,,,,,,,,,,
jorrit/gulp-requirejs,,69aaed7d8ab434ba90400387179acc7a3fa71f44,2023-01-03T10:49:35Z,,,,,,,,,miss coverage step,,,,,,,,,,,
ionutvmi/uglifyjs-folder,,25fb0db9d3b07699cba9aff09eeade8d9b53cbc3,2022-12-29T19:25:24Z,,,,,,,,,,,,,,,,,,,,
flozz/stonejs-tools,,40db29c3aeae22fecbe64fecab9e12a4b33dfb6c,2022-12-28T10:22:38Z,,,,,,,,,add extra step,,,,,,,,,,,
flozz/stone.js,,6a5a13d5134bc5d6623c7f173d7904132652bb8f,2022-12-27T14:04:35Z,,,,,,,,,,,,,,,,,,,,
postmanlabs/openapi-to-postman,,907688274f12f979f3150edba49922dd0caf2faf,2022-12-12T13:26:10Z,,,,,,,,,add extra step,,,,,,,,,,,
prantlf/timezone-support,,04afbbad7db3e44560bfc99c31757bf6d38f79d3,2022-12-04T17:52:52Z,,,,,,,,,add example test,,,,,,,,,,,
graphprotocol/graph-cli,,c595d2e85b8a16d0c7b7cd9ed26101bdaee0b6b8,2022-12-02T00:18:11Z,,,,,,,,,,,,,,,,,,,,
aframevr/aframe-inspector,,de78caef632e89c14e5c51f28ccc6b579721997e,2022-11-30T00:59:56Z,,,,,,,,,change exe order ,,,,,,,,,,,
3dstreet/3dstreet-editor,,de78caef632e89c14e5c51f28ccc6b579721997e,2022-11-30T00:59:56Z,,,,,,,,,change exe order ,,,,,,,,,,,
caleb531/connect-four,,fdbf5c28461453677e67b6e8afbf94aacd4be422,2022-11-20T22:30:32Z,,,,,,,,,build command change,,,,,,,,,,,
jkhsjdhjs/node-fetch-cookies,,0996f0b448621e043fd1b7c3c6ada46198cc91b4,2022-11-12T13:57:55Z,,,,,,,,,split into two file,,,,,,,,,,,
enzymejs/enzyme,,82bfe75594fb92bd7231d231dba7a4592ca462cd,2022-11-05T06:08:33Z,,,,,,,,,include removed files,,,,,,,,,,,
SAP-archive/openui5-worklist-app,,45375c1d39785978bb0288ac09e3c6ebeaebba15,2022-11-03T06:17:10Z,,,,,,,,,,,,,,,,,,,,
ljharb/uglify-register,,12dc83e10a8154d3871cb7d5b0031bf8143e95b1,2022-10-28T05:20:16Z,,,,,,,,,change test command,,,,,,,,,,,
yoast/yoast-seo-for-neos,,33afb59565be9eea24102ec4d6a24151340c0ad4,2022-10-27T06:49:40Z,,,,,,,,,change exe order,,,,,,,,,,,
smithmicro/mapbox-gl-circle,,9bb1341d9f2aeccb9d9cf9e5afdf241c446598ff,2022-10-22T17:29:57Z,,,,,,,,,cahnge test command,,,,,,,,,,,
recidvst/scrambling-letters,,7e4a8a04b6538afe7a408529f6ea91089210f873,2022-10-20T21:38:07Z,,,,,,,,,split into two files,,,,,,,,,,,
biocore/qurro,,59d0d65e744d9eb444b41ca3792810d57c649f7d,2022-10-20T00:58:53Z,,,,,,,,,change test command,,,,,,,,,,,
rvagg/bl,,997f058357de8f2a7f66998e80a72b491835573f,2022-10-18T11:27:12Z,,,,,,,,,add release step,,,,,,,,,,,
angular-ui/ui-grid,,5e11a5fd638b9772cdee691fd4869a34eb0f8413,2022-10-14T20:18:47Z,,,,,,,,,include removed files,,,,,,,,,,,
thlorenz/convert-source-map,,08ab6a57e08b77a66caf7d87f0303704e566eb4f,2022-10-10T19:10:44Z,,,,,,,,,add extra os,,,,,,,,,,,
ridi/reader.js,,10bd1c269303522ea1a175e1e663aa4036c06451,2022-10-10T17:58:46Z,,,,,,,,,add extra command,,,,,,,,,,,
articulate/funky,,8936c0bc3ebb84b9359f313a7e1af94dc61b2a8d,2022-10-05T16:32:07Z,,,,,,,,,change test command,,,,,,,,,,,
pyvec/bookshelf,,cc4e5e6dde47b368dd6d86cffeb3ac1fe6234bef,2022-09-27T12:42:47Z,python ,,,,,,,,,,,,,,,,,,,
traverson/traverson-hal,,190177b0a7178e72d71c780e864c318b00e5835d,2022-09-26T04:08:21Z,,,,,,,,,miss relesae step,,,,,,,,,,,
micromata/cli-error-notifier,,074f63a39ef2bf4af97376c0ff0e77118dbe8f57,2022-09-14T12:30:14Z,,,,,,,,,miss codecov step,,,,,,,,,,,
airbnb/babel-plugin-inline-react-svg,,63611b5524c5a8cc97d5a21de0ffab86e5627d95,2022-09-14T02:21:04Z,,,,,,,,,split into four files,,,,,,,,,,,
swisspush/apikana,,1db165265ec0a3d2cabb388142a549fbfd6d21e9,2022-09-13T06:50:04Z,,,,,,,,,,,,,,,,,,,,
swisspost/apikana,,1db165265ec0a3d2cabb388142a549fbfd6d21e9,2022-09-13T06:50:04Z,,,,,,,,,add extra step,,,,,,,,,,,
fabriquartz/ember-right-click-menu,,1d35d4e507e3f298e2a5981c3cff2b6239cc5a4a,2022-09-12T11:46:45Z,,,,,,,,,change exe order,,,,,,,,,,,
moment/moment-timezone,,c43cc0c77fa8e38d07501709729e1f9050f0c971,2022-09-11T11:27:36Z,,,,,,,,,miss grunt-cli install,,,,,,,,,,,
higlass/higlass,,f95b2f728b05350910157bfa0c3dc4754fd4f05c,2022-09-01T05:20:34Z,,,,,,,,,include removed file,,,,,,,,,,,
mauriciopoppe/math-codegen,,19f18ba454bd9e956615e22a58f739f10058ca26,2022-08-22T05:28:26Z,,,,,,,,,include removed command,,,,,,,,,,,
pbojinov/request-ip,,adf4d647dc680ca375237563b1e3294560a329ad,2022-08-20T07:46:23Z,,,,,,,,,miss coverage,,,,,,,,,,,
json-schema-org/json-schema-spec,,b4a2003f88df8deea33e9d4610fb9ed8986d87df,2022-08-19T09:49:35Z,,,,,,,,,add artifact step,,,,,,,,,,,
ember-codemods/ember-angle-brackets-codemod,,8a7861902dc68b2276888d8bf1003f7218c9423e,2022-08-18T16:28:12Z,,,,,,,,,change exe order,,,,,,,,,,,
medikoo/es6-set,,600b2ce7f0f2bdcbe84c38128f4cd8138cb7f1dd,2022-08-16T16:04:10Z,,,,,,,,,use extra actions,,,,,,,,,,,
sarcadass/i18n-zipcodes,,f5f2b73a216db78a7e9e6979d0d92efce7d72f82,2022-08-07T17:31:17Z,,,,,,,,,change exe order,,,,,,,,,,,
juliangruber/isarray,,809c6033970d8ac189f0d80369d947e7b695dfd2,2022-08-04T08:27:39Z,,,,,,,,,use extra actions,,,,,,,,,,,
http-party/node-portfinder,,4631726120c459b983720a0a2943a9bd4cf083ee,2022-08-02T04:13:40Z,,,,,,,,,add extra os,,,,,,,,,,,
segmentio/metalsmith-permalinks,,bb79a44126d0d364d58b663a6f14f45ae09afdc1,2022-08-01T23:09:25Z,,,,,,,,,,,,,,,,,,,,
metalsmith/permalinks,,bb79a44126d0d364d58b663a6f14f45ae09afdc1,2022-08-01T23:09:25Z,,,,,,,,,add extra check,,,,,,,,,,,
amtrack/force-dev-tool,,1faa187ef0b3debecc2e93247c9fe7184ae8ab38,2022-07-29T13:37:59Z,,,,,,,,,miss windows test,,,,,,,,,,,
segmentio/metalsmith-drafts,,600e255132f2306ae4f3be2c6cc870c389facabc,2022-07-28T17:35:25Z,,,,,,,,,add extra check,,,,,,,,,,,
metalsmith/drafts,,600e255132f2306ae4f3be2c6cc870c389facabc,2022-07-28T17:35:25Z,,,,,,,,,add extra check,,,,,,,,,,,
metalsmith/collections,,31d0eb0ebf062b5d6b2494dee57ddf3c13289c03,2022-07-27T21:47:10Z,,,,,,,,,add extra command,,,,,,,,,,,
nrenner/brouter-web,,2b13c9ce026db7e3100706aca4b1be40c5ff2309,2022-07-26T14:41:26Z,,,,,,,,,add extra steps,,,,,,,,,,,
kkrisz1/staruml-reverse-db,,5f10aeba7a2c7ff9fb1d159483da27d00bc4aaff,2022-07-24T14:51:37Z,,,,,,,,,spilt into two files,,,,,,,,,,,
guidobouman/panelsnap,,2e0ea7ede712f1f8207ebeab765ef6a8621b1730,2022-07-23T15:21:27Z,,,,,,,,,add extra command and change exe order,,,,,,,,,,,
ruimarinho/bitcoin-core,,ee4fef0afc613e715777f4596c47d08a03058366,2022-07-20T18:11:42Z,,,,,,,,,bash language,,,,,,,,,,,
iitc-ce/ingress-intel-total-conversion,,840fdc967cc0f6a8eeb516f4e3e2e5ee3facedef,2022-07-16T00:49:32Z,,,,,,,,,add extra step,,,,,,,,,,,
oldsneerjaw/couchster,,a6819ddbf482601d4bb836d80fe78567ee8824bd,2022-07-14T22:24:15Z,,,,,,,,,miss greenkeeper step,,,,,,,,,,,
oldsneerjaw/synctos,,85803eeb40d07603594ad26ec978be4bce6b3b00,2022-07-14T22:17:19Z,,,,,,,,,miss greenkeeper step,,,,,,,,,,,
feathersjs-ecosystem/feathers-swagger,,9b5fe9b0718bc25f14c56c4289742e2116dbc364,2022-07-13T22:06:20Z,,,,,,,,,miss cache,,,,,,,,,,,
streamich/fs-monkey,,ecde9b0faf761a0a41af38ea70e5191c8a8837f9,2022-07-12T20:40:29Z,,,,,,,,,add extra os,,,,,,,,,,,
yassinedoghri/react-timer-machine,,ee65e760c6637f9db92ab57461bb7480ff3fbec5,2022-07-10T09:37:59Z,,,,,,,,,spilt into two files,,,,,,,,,,,
yassinedoghri/marvel-jarvig,,5cb3eeb3815a84ca8674d875d64447ae6aa050a2,2022-07-09T16:42:05Z,,,,,,,,,miss coverage step,,,,,,,,,,,
adopted-ember-addons/ember-light-table,,71411bfd7ed744326156c4947ff4dc5ef1628c3e,2022-07-08T18:11:49Z,,,,,,,,,,,,,,,,,,,,
grassator/webpack-extract-translation-keys,,08b266e58d8110f6e730bea4e53abcd47b46317f,2022-06-29T18:22:29Z,,,,,,,,,add extras lint test,,,,,,,,,,,
wswebcreation/wdio-native-app-compare,,a09630af84c04c3bfa42aea36a7f1a20a86f675d,2022-06-29T15:42:17Z,,,,,,,,,miss compile step,,,,,,,,,,,
edgetranslate/edgetranslate,,0e3baba05f8e2d580abea7410eafeb1a332979cf,2022-06-28T02:27:38Z,,,,,,,,,change test command,,,,,,,,,,,
jquery/download.jqueryui.com,,6ac36e8cd1c5acfd7b5306a80208dd49bb258888,2022-06-22T12:06:30Z,,,,,,,,,add cache step,,,,,,,,,,,
brightcove/hot-shots,,5173e8c1e1650b2923aff2c83d23486b5e5b4e6f,2022-06-20T21:57:44Z,,,,,,,,,change test command,,,,,,,,,,,
bdeitte/hot-shots,,5173e8c1e1650b2923aff2c83d23486b5e5b4e6f,2022-06-20T21:57:44Z,,,,,,,,,change test command,,,,,,,,,,,
isqua/bookmarklets,,b3a8d0f9d3dee6cbe80eed04d8967717fc54ae74,2022-06-19T21:10:55Z,,,,,,,,,miss test command,,,,,,,,,,,
db-migrate/node-db-migrate,,1d896052a65856e1ced98fcd033ee1f73c4c87f0,2022-06-15T16:14:32Z,,,,,,,,,miss cache step,,,,,,,,,,,
i-like-robots/react-tags,,dbd521f37c2dd89211a51833f0ba70933c7fdfb0,2022-06-14T07:51:51Z,,,,,,,,,change test command,,,,,,,,,,,
dashevo/proposal-generator,,092a512d6c57740c4c52544fdaa106ac44f72090,2022-06-09T07:47:40Z,,,,,,,,,,,,,,,,,,,,
wechat-miniprogram/miniprogram-simulate,,17813f4624379448b875c6aa7e071e6003f09d58,2022-06-08T13:33:11Z,,,,,,,,,add extra step,,,,,,,,,,,
haraka/haraka-plugin-rspamd,,c761a4c97ced00b82e2c6c28de033dd220e2609f,2022-06-06T07:44:17Z,,,,,,,,,use extra actions,,,,,,,,,,,
kkomelin/isomorphic-dompurify,,425991cdc845fa744eb109d128ca5cdbb3a3fa7c,2022-06-03T05:42:45Z,,,,,,,,,add extra command,,,,,,,,,,,
fastify/fast-proxy,,1204c7e6506b4d5862901ecbc9554789355c6375,2022-06-01T06:54:05Z,,,,,,,,,use extra actions,,,,,,,,,,,
ember-engines/ember-asset-loader,,049beb52862c679ff393a46202135577d7bf2980,2022-05-11T04:54:20Z,,,,,,,,,add extra command,,,,,,,,,,,
bdougherty/better-title-case,,81f26d5293eb34b79d93c9ade602a70a19ad05b0,2022-05-11T01:27:12Z,,,,,,,,,add lint test,,,,,,,,,,,
dylang/node-rss,,84d934b8369b0c83cc8ad417fd874fc28d7f4a53,2022-05-08T19:28:18Z,,,,,,,,,add lint test,,,,,,,,,,,
kategengler/ember-feature-flags,,a440348e6b1d2c1535e3de4f30d3d7aa84414340,2022-05-06T16:06:49Z,,,,,,,,,,,,,,,,,,,,
opensupports/opensupports,,04923b0e9d96cc2649b922b2ff02777aa6946112,2022-05-04T14:06:52Z,,,,,,,,,change test command,,,,,,,,,,,
nemtsov/json-mask,,31ad4ded0dcc631ec41a3f7f420e377254a71c02,2022-05-04T03:01:51Z,,,,,,,,,miss windows os,,,,,,,,,,,
fastify/any-schema-you-like,,5bf96af16430e3bad7bfcfc36c546961b14091a1,2022-05-02T07:06:30Z,,,,,,,,,use extra actions,,,,,,,,,,,
tuupola/branca-js,,f0d5e9a2f72e4953be1969c1c654f84e217ac9f7,2022-04-26T07:45:20Z,,,,,,,,,change test command,,,,,,,,,,,
apache/couchdb-fauxton,,eb9065795ddf4073cebdefaeb92f2b75334e2aa1,2022-04-22T01:43:50Z,,,,,,,,,change exe order,,,,,,,,,,,
drpaulbrewer/zip-bucket,,7ecab404fdce917c558754b8e219014b4434df59,2022-04-20T01:20:28Z,,,,,,,,,include removed file,,,,,,,,,,,
mozilla-iam/mozilla-aws-cli,,d5461ec737ff4135c918116793df0fbac1d1f01a,2022-04-18T17:01:47Z,,,,,,,,,add other os,,,,,,,,,,,
yoast/wordpress-seo,,c8128841b2ab290e8c07c31b79351db8510bd6eb,2022-04-15T09:03:02Z,,,,,,,,,include removed file,,,,,,,,,,,
bitcoinjs/bip174,,d9ec670e94fc2074916cdb659f32e5d3907c20d9,2022-04-15T03:15:12Z,,,,,,,,,add extra test,,,,,,,,,,,
dagrejs/graphlib,,9151aed573f36f4498f1a9c5be37164204e0d356,2022-04-12T18:31:15Z,,,,,,,,,miss phantomJs test,,,,,,,,,,,
homeday-de/homeday-blocks,,b7c406c590c9d1280b6ea20b377153e60ab6f2e7,2022-04-11T12:03:12Z,,,,,,,,,include removed files,,,,,,,,,,,
quaertym/ember-cli-dependency-checker,,b16bd1acdb0c4df07dd6f715e819c619409da7e8,2022-04-08T17:02:00Z,,,,,,,,,add floating test,,,,,,,,,,,
arizonatribe/vanillas,,4782792fa8c7223b984a27b712521faf4cff54a6,2022-04-07T16:45:22Z,,,,,,,,,change test command,,,,,,,,,,,
yeoman/generator-chrome-extension,,82d40aebd48d18b18f19bc6bb1ce33cb7bd8fe84,2022-04-05T12:27:53Z,,,,,,,,,,,,,,,,,,,,
mzernetsch/jrgen,,d7b5aaf10a04ba6b71089dfc1dc6183299ecdba1,2022-04-03T17:37:34Z,,,,,,,,,miss npm release,,,,,,,,,,,
corvince/mesa-geo,,11498aed69448679ebb150118d0468c694a2edf3,2022-04-03T03:39:20Z,,,,,,,,,,,,,,,,,,,,
jaubourg/wires,,0c7a10271573d4690f70ccafc897e894a9d05d41,2022-04-02T15:22:27Z,,,,,,,,,miss coverall step,,,,,,,,,,,
htmlburger/wpemerge-plugin,,55080ba15362fa9897bc10efb2c6430d9ef4582f,2022-03-31T19:09:35Z,,,,,,,,,other language,,,,,,,,,,,
enzoferey/slate-instant-replace,,979abb62561f023b4ab0fc650ea2851771cddf86,2022-03-27T16:21:33Z,,,,,,,,,add extra step,,,,,,,,,,,
clusterio/factorioclusterio,,9465a488ccd032a7bc4ffb186d0890114aff2849,2022-03-26T20:23:19Z,,,,,,,,,,,,,,,,,,,,
ioBroker/ioBroker.phantomjs,,84271351798f55a5e8659d35fac53b3ebe37cf96,2022-03-25T23:39:39Z,,,,,,,,,change test command,,,,,,,,,,,
jfromaniello/url-join,,2c0f6951939b86e7d1194fb21cf54cdfb8d9b1cf,2022-03-23T14:24:33Z,1,,,,,,,,,,,,,,,,,,,
mafintosh/protocol-buffers,,125ff4d2573242f589729a8846e6c7811844daaf,2022-03-22T15:27:01Z,1,,,,,,,,add extra command,,,,,,,,,,,
whawker/react-jsx-highcharts,,dba46e54cd70f3bff0cd37971faf169a497446e8,2022-03-17T13:53:41Z,1,,,,,,,,change exe order,,,,,,,,,,,
less/less-docs,,a6bfdf5b8aa77ec57d8aee0ef9fcb24b6b5d49ca,2022-03-14T02:24:21Z,,,,,,,,,add extra command,,,,,,,,,,,
i-like-robots/hyperons,,6eb09dc2982092bf41b462a2d25d6b3fb78ff581,2022-03-11T23:11:40Z,,,,,,,,,add extra command,,,,,,,,,,,
hexagon/thinker-fts,,4e23fb8573cadcbf73b429ff043d02bd9c1cc956,2022-03-11T20:53:02Z,,,,,,,,,add extra command,,,,,,,,,,,
localstack/serverless-localstack,,0aa0ef14acbde264425a421f8756787196ff3969,2022-03-10T18:12:31Z,1,,,,,,,,add cache,,,,,,,,,,,
metalsmith/metalsmith-layouts,,b5a396b8bef69dca99e4cd2de84929a992c43465,2022-03-06T21:47:33Z,,,,,,,,,change exe order,,,,,,,,,,,
metalsmith/layouts,,b5a396b8bef69dca99e4cd2de84929a992c43465,2022-03-06T21:47:33Z,,,,,,,,,change exe order,,,,,,,,,,,
mokkabonna/json-schema-merge-allof,,58ab5b763b6b3b1fbe0a3236db3a08311e11608b,2022-03-06T15:52:23Z,1,,,,,,,,add extra condition,,,,,,,,,,,
miguelcobain/ember-paper,,8917f3f2b4d4d89d8f75ad4128fa154dedf84a83,2022-03-03T09:30:33Z,,,,,,,,,,,,,,,,,,,,
adopted-ember-addons/ember-paper,,8917f3f2b4d4d89d8f75ad4128fa154dedf84a83,2022-03-03T09:30:33Z,1,,,,,,,,change exe order,,,,,,,,,,,
rajasegar/ember-x-tabs,,b3a4635d7c3b8916f63c34ad9ec80136055d4615,2022-03-03T08:49:20Z,,,,,,,,,miss floating test,,,,,,,,,,,
ssb-js/secret-stack,,cdc5fb3cbeeea7db729d06691a63185f2ae5b66a,2022-03-02T10:52:24Z,,,,,,,,,,,,,,,,,,,,
ssbc/secret-stack,,cdc5fb3cbeeea7db729d06691a63185f2ae5b66a,2022-03-02T10:52:24Z,,,,,,,,,,,,,,,,,,,,
auditdrivencrypto/secret-handshake,,285b2aca2e8537be675869fc946f8e555ae471c0,2022-03-02T10:06:14Z,,,,,,,,,miss os,,,,,,,,,,,
commenthol/named-regexp-groups,,b5a4d6df8b8ae956ac4d7dc556a18c21573cff12,2022-02-25T20:33:51Z,,,,,,,,,change test command,,,,,,,,,,,
darrenjennings/vue-autosuggest,,4178c2575871e226c86aa9fe5083a837a4ae46b0,2022-02-24T16:37:47Z,,,,,,,,,miss codecov,,,,,,,,,,,
ebryn/ember-component-css,,1aafebf05f68f51bd63b3a6f7c3c5b3a91ab2e78,2022-02-23T01:32:00Z,,,,,,,,,,,,,,,,,,,,
webark/ember-component-css,,1aafebf05f68f51bd63b3a6f7c3c5b3a91ab2e78,2022-02-23T01:32:00Z,,,,,,,,,miss ffloating test,,,,,,,,,,,
fastify/safe-regex2,,1b0d7af89c62bfce9172cf030bda3a5878c6408d,2022-02-22T11:18:03Z,,,,,,,,,add extra os,,,,,,,,,,,
commenthol/ansible-vault,,e63f647f5a41c455f0cc7ba0271fe0923f0c244a,2022-02-22T05:09:03Z,,,,,,,,,change test command,,,,,,,,,,,
krakenjs/zoid,,d4901de37e3560ad57cab629114b9b7880f033e5,2022-02-21T20:28:19Z,,,,,,,,,add extra command,,,,,,,,,,,
oncletom/nodebook,,90011b30b45e8fdf00b21e5af6e2af3f4676cfdd,2022-02-18T17:09:50Z,,,,,,,,,,,,,,,,,,,,
thom4parisot/nodebook,,90011b30b45e8fdf00b21e5af6e2af3f4676cfdd,2022-02-18T17:09:50Z,,,,,,,,,miss deploy steps,,,,,,,,,,,
stacktracejs/error-stack-parser,,bc10f3e2c87296841152a35195e75b0af23e8e24,2022-02-17T04:30:39Z,,,,,,,,,miss test command,,,,,,,,,,,
xi/sass-planifolia,,9ae7fa657a400fe8c0dcc3a78ccc64c644b00ef8,2022-02-16T08:06:19Z,,,,,,,,,miss lint command,,,,,,,,,,,
modernizr/gulp-modernizr,,da6fc09acdebc9e8a83ddb2c4696580fc87a1363,2022-02-15T13:24:39Z,,,,,,,,,,,,,,,,,,,,
modernizr/customizr,,f23bfa63927b66c28c5b63a51dfe9b7fbce9b27d,2022-02-15T13:13:32Z,,,,,,,,,,,,,,,,,,,,
zikula/core,,96387f6be642e062105713a85b1fe00888f18b25,2022-02-15T06:42:54Z,,,,,,,,,php language,,,,,,,,,,,
bloodhoundad/bloodhound,,e6f431b0ac918c0534f314e700cbcf2f26256cb5,2022-02-12T18:10:41Z,,,,,,,,,,,,,,,,,,,,
adsr/irslackd,,7acc80e0e1c00ad4824ca05e96c2e22bb6cb972e,2022-02-12T05:00:17Z,,,,,,,,,change test command ,,,,,,,,,,,
hexojs/hexo-generator-archive,,2188dca3e49b854c67ebd8e350e75545d92bd11f,2022-02-11T18:24:02Z,,,,,,,,,miss lint test ,,,,,,,,,,,
bahmutov/json-server-reset,,3ebf02abe20b86c05125d97702b87b489cdd4977,2022-02-11T02:22:54Z,,,,,,,,,miss e2e test,,,,,,,,,,,
mgol/check-dependencies,,8d568c6b7d92a6c5f253e184b44782cc11ef7136,2022-02-10T13:20:00Z,,,,,,,,,add cache step,,,,,,,,,,,
bpmn-io/dmn-js-properties-panel,,e99361cce37afeec0097dec6473140f302f11521,2022-02-08T16:45:21Z,,,,,,,,,add cache and codecov steps,,,,,,,,,,,
peec/ember-css-transitions,,32d3d319c7f1ca46e4b4816870e67f22350936c5,2022-02-07T22:17:17Z,,,,,,,,,,,,,,,,,,,,
miguelcobain/ember-css-transitions,,32d3d319c7f1ca46e4b4816870e67f22350936c5,2022-02-07T22:17:17Z,1,,,,,,,,change exe order,,,,,,,,,,,
winstonjs/logform,,7e5cffc7fc45ea180b6c04e18ae02bf9b5000f28,2022-02-05T17:42:08Z,,,,,,,,,add extra command,,,,,,,,,,,
winstonjs/winston-transport,,0b7ad4f4fa153b68913b69d91702954af4ea9fde,2022-02-05T17:41:43Z,,,,,,,,,add extra command,,,,,,,,,,,
hexojs/hexo-generator-category,,f51949900e5dbd15902b45fe4399afb634d54b21,2022-02-05T11:20:03Z,,,,,,,,,add extra os,,,,,,,,,,,
colorjs/get-svg-colors,,7ff16c66304b1b30476143bd0f82ca42e2e517e0,2022-02-04T04:49:54Z,,,,,,,,,miss deploy step,,,,,,,,,,,
enketo/enketo-core,,97e3092df3b133d6c63d3fb581ea3b177e6e679a,2022-02-03T20:41:39Z,,,,,,,,,add extra command,,,,,,,,,,,
traverson/traverson,,e904ba90f2d02fd789c527dec1396385ed6f6b3d,2022-02-03T04:03:47Z,,,,,,,,,split into two files,,,,,,,,,,,
willdurand/pino-devtools,,687da0e594f3edb2a6ee2ba1d105a1c1ca3cf0d3,2022-01-31T09:23:07Z,,,,,,,,,miss deploy step,,,,,,,,,,,
prantlf/nomnoml-cli,,7ab6b541fef2b740e68d983add4d744f7b506fc7,2022-01-30T14:17:39Z,,,,,,,,,add coverage step,,,,,,,,,,,
villander/ember-engines-router-service,,978f19ace91d389cfc6ef4d97c6b3d9b74f33b0d,2022-01-30T06:57:53Z,1,,,,,,,,change exe order,,,,,,,,,,,
chrisl8/arlobot,,339514c2e36093870a4d27b0d14993546f8d16a3,2022-01-26T18:40:54Z,,,,,,,,,split into two files,,,,,,,,,,,
gitcoinco/web,,7ec2ae2b8789182e20b9222177c5ff3a47e15b06,2022-01-26T15:35:27Z,,,,,,,,,misss deploy step,,,,,,,,,,,
clayzermk1/node-marshal,,b3b218edaeb6145d0d195db46bff6e93d3f47646,2022-01-25T23:09:41Z,,,,,,,,,miss codecov step,,,,,,,,,,,
mattphillips/deep-object-diff,,eb2df866101f753f061707496ea4392ab7b54f0a,2022-01-25T14:50:28Z,,,,,,,,,add lint test,,,,,,,,,,,
santino/react-concurrent-router,,e9317492e70d674deb7ae9241391e8272a085929,2022-01-24T16:51:17Z,,,,,,,,,split into two files,,,,,,,,,,,
grislyeye/vellum-monster,,4e0999828693e39f5798bf30bf0e468a44cb080f,2022-01-23T11:42:43Z,,,,,,,,,miss test command,,,,,,,,,,,
litejs/natural-compare-lite,,a15b78b4d221ad6f6ae32b31b77421c02720c4db,2022-01-20T20:41:02Z,,,,,,,,,change test command,,,,,,,,,,,
qgustavor/mega,,36e9fe2c6f5c2337492f2d444a87ca15740103f1,2022-01-19T22:43:52Z,,,,,,,,,add extra step,,,,,,,,,,,
diracdeltas/niceware,,728ae9029eef82618cd9b193f796b6fdd2915632,2022-01-19T00:09:18Z,1,,,,,,,,change exe order,,,,,,,,,,,
enketo/enketo-express,,8237976aba91abf856f797e572812b2fbaa59ca5,2022-01-18T21:39:50Z,,,,,,,,,include removed files,,,,,,,,,,,
enketo/enketo,,8237976aba91abf856f797e572812b2fbaa59ca5,2022-01-18T21:39:50Z,,,,,,,,,include removed files,,,,,,,,,,,
litejs/uri-template-lite,,d19218338d5c42a2868c2abd87b082133a922bec,2022-01-18T18:23:52Z,,,,,,,,,change command condition,,,,,,,,,,,
reactjs/react-transition-group,,f5bfc1062a2d103e09678e0c024b5deec6b843f8,2022-01-17T15:13:04Z,,,,,,,,,add  extra step,,,,,,,,,,,
lovell/detect-libc,,46b45b0c709d8c8c6b5af7907a563657975b8493,2022-01-17T14:19:37Z,,,,,,,,,change test command,,,,,,,,,,,
jonkemp/inline-css,,7e8b73314b6432697f1b4d518731e719be57c680,2022-01-17T05:27:20Z,b7a249cf1482908de947738673c0997151f3b090,2,,,,,,,update node version,,,,,,,,,,,
tim-kos/node-retry,,464ed06844c9f572a91c144600799d8ff28da00f,2022-01-16T05:41:24Z,,,,,,,,,miss codecov step,,,,,,,,,,,
facundoolano/google-play-scraper,,cddc0a8b3c11f546d2c39504c4ee3d0d639cdac9,2022-01-15T16:02:32Z,,,,,,,,,change lint command,,,,,,,,,,,
mreinstein/aws-transcription-to-vtt,,8f5f5a40a395f0c09b33eb58ad66385bb48bb00a,2022-01-15T05:47:48Z,,,,,,,,,change test command,,,,,,,,,,,
nfischer/rainbows-lang,,b46b85de920d7ed7a432da09f654c3f45328e4b2,2022-01-15T05:26:32Z,,,,,,,,,add extra os,,,,,,,,,,,
mreinstein/remove-array-items,,253041343dcae4cd9bcb61119fd2e2cdc80a6b20,2022-01-15T04:48:21Z,,,,,,,,,,,,,,,,,,,,
mreinstein/ecs,,193c03e0b48cadb32c11e810d680adaa134bdfb7,2022-01-15T04:40:11Z,,,,,,,,,,,,,,,,,,,,
hexojs/hexo-deployer-heroku,,32f0e26af5bd54264b30958291e71619203f0528,2022-01-14T20:10:09Z,,,,,,,,,change lint command,,,,,,,,,,,
hexojs/hexo-i18n,,012e49767ab865397e27aa3bce957af9531677c5,2022-01-14T20:05:42Z,,,,,,,,,,,,,,,,,,,,
hexojs/hexo-deployer-git,,f14f44ba4169a65c0823ebca072c3ac3994cf740,2022-01-14T20:03:40Z,,,,,,,,,,,,,,,,,,,,
ollisgit/octoprint-spoolmanager,,02e6231ff476677a46a202455b20531280c717fd,2022-01-12T16:14:19Z,,,,,,,,,add extra debug command,,,,,,,,,,,
addaleax/lzma-native,,da5832b0c46b314535c17adeeed4e612a67ad5fa,2022-01-11T12:17:23Z,,,,,,,,,add extra os,,,,,,,,,,,
dresende/node-sql-ddl-sync,,412f74587484982709e7446a8a58bac3a08f5b34,2022-01-10T19:45:24Z,1,,,,,,,,add extra step,,,,,,,,,,,
jquery/sizzle,,ede0e97563c8473b8cfa4045c7c2cd6129ecc1aa,2022-01-10T17:08:58Z,,,,,,,,,add extra cache,,,,,,,,,,,
privacy-managers/privacy-manager,,29e40246b55e5f90af8a5e5c7e99de3d63201441,2022-01-09T18:26:04Z,,,,,,,,,change test command,,,,,,,,,,,
hexojs/hexo-html-minifier,,2c8cf96f374c7db2543f24c2c4ce970319811fc8,2022-01-06T13:13:23Z,,,,,,,,,change lint command,,,,,,,,,,,
hexojs/hexo-generator-feed,,65d09c44a494b23e5e637ade669fb9f8e1d6d859,2022-01-06T08:22:53Z,,,,,,,,,change lint command,,,,,,,,,,,
postcss/postcss-js,,666c300d469cc0a32515556b963ffbffda470947,2022-01-05T03:21:42Z,,,,,,,,,add extra test command,,,,,,,,,,,
amendx/vue-dndrop,,f5bfed5419f4e2f7a7ad2813e328d555b7a0e429,2022-01-04T15:23:47Z,4595015f53a9780c6c0a4e840a4472a32b580b5b,,,,,,,,,,,,,,,,,,,
winstonjs/winston-daily-rotate-file,,5a5253305c1810bb0e0be3b733db63c45fe33d89,2022-01-03T04:00:52Z,,,,,,,,,add cahce,,,,,,,,,,,
hexojs/hexo-renderer-markdown-it,,1a67364de7822f006ad7c3bcdb4569318e361785,2022-01-01T00:48:08Z,,,,,,,,,add extra os,,,,,,,,,,,
